ac_code,ac_name_en,district,pc_name_en,reserved,name_ta
GUMMIDIPOONDI,Gummidipoondi,Thiruvallur,Tiruvallur,,கும்மிடிப்பூண்டி
PONNERI,Ponneri,Thiruvallur,Tiruvallur,SC,பொன்னேரி
TIRUTTANI,Tiruttani,Thiruvallur,Arakkonam,,திருத்தணி
THIRUVALLUR,Thiruvallur,Thiruvallur,Tiruvallur,,திருவள்ளூர்
POONAMALLEE,Poonamallee,Thiruvallur,Tiruvallur,,பூந்தமல்லி
AVADI,Avadi,Thiruvallur,Tiruvallur,,ஆவடி
MADURAVOYAL,Maduravoyal,Chennai,Sriperumbudur,,மதுரவாயல்
AMBATTUR,Ambattur,Chennai,Sriperumbudur,,அம்பத்தூர்
MADAVARAM,Madavaram,Chennai,Tiruvallur,,மாதவரம்
THIRUVOTTIYUR,Thiruvottiyur,Chennai,Chennai North,,திருவொற்றியூர்
DR_RADHAKRISHNAN_NAGAR,Dr. Radhakrishnan Nagar,Chennai,Chennai North,,டாக்டர் ராதாகிருஷ்ணன் நகர்
PERAMBUR,Perambur,Chennai,Chennai North,,பெரம்பூர்
KOLATHUR,Kolathur,Chennai,Chennai North,,கொளத்தூர்
VILLIVAKKAM,Villivakkam,Chennai,Chennai Central,,வில்லிவாக்கம்
THIRU_VI_KA_NAGAR,Thiru-Vi-Ka-Nagar,Chennai,Chennai North,,திரு.வி.க. நகர்
EGMORE,Egmore,Chennai,Chennai Central,SC,எழும்பூர்
ROYAPURAM,Royapuram,Chennai,Chennai North,,ராயபுரம்
HARBOUR,Harbour,Chennai,Chennai Central,,துறைமுகம்
CHEPAUK_THIRUVALLIKENI,Chepauk-Thiruvallikeni,Chennai,Chennai Central,,சேப்பாக்கம்-திருவல்லிக்கேணி
THOUSAND_LIGHTS,Thousand Lights,Chennai,Chennai Central,,ஆயிரம் விளக்கு
ANNA_NAGAR,Anna Nagar,Chennai,Chennai Central,,அண்ணா நகர்
VIRUGAMPAKKAM,Virugampakkam,Chennai,Chennai South,,விருகம்பாக்கம்
SAIDAPET,Saidapet,Chennai,Chennai South,,சைதாப்பேட்டை
THIYAGARAYANAGAR,Thiyagarayanagar,Chennai,Chennai South,,தியாகராய நகர்
MYLAPORE,Mylapore,Chennai,Chennai South,,மயிலாப்பூர்
VELACHERY,Velachery,Chennai,Chennai South,,வேளச்சேரி
SHOLINGANALLUR,Sholinganallur,Chennai,Chennai South,,சோளிங்கநல்லூர்
ALANDUR,Alandur,Chennai,Sriperumbudur,,ஆலந்தூர்
SRIPERUMBUDUR,Sriperumbudur,Kancheepuram,Sriperumbudur,,ஸ்ரீபெரும்புதூர்
PALLAVARAM,Pallavaram,Chengalpattu,Sriperumbudur,,பல்லாவரம்
TAMBARAM,Tambaram,Chengalpattu,Sriperumbudur,,தாம்பரம்
CHENGALPATTU,Chengalpattu,Chengalpattu,Kanchipuram,,செங்கல்பட்டு
THIRUPORUR,Thiruporur,Chengalpattu,Kanchipuram,,திருப்போரூர்
CHEYYUR,Cheyyur,Chengalpattu,Kanchipuram,,செய்யூர்
MADURANTAKAM,Madurantakam,Chengalpattu,Kanchipuram,,மதுராந்தகம்
UTHIRAMERUR,Uthiramerur,Kancheepuram,Kanchipuram,,உத்திரமேரூர்
KANCHEEPURAM,Kancheepuram,Kancheepuram,Kanchipuram,,காஞ்சிபுரம்
ARAKKONAM,Arakkonam,Ranipet,Arakkonam,,அரக்கோணம்
SHOLINGUR,Sholingur,Ranipet,Arakkonam,,சோளிங்கர்
KATPADI,Katpadi,Vellore,Arakkonam,,காட்பாடி
RANIPET,Ranipet,Ranipet,Arakkonam,,ராணிப்பேட்டை
ARCOT,Arcot,Ranipet,Arakkonam,,ஆற்காடு
VELLORE,Vellore,Vellore,Vellore,,வேலூர்
ANAIKATTU,Anaikattu,Vellore,Vellore,,அணைக்கட்டு
KILVAITHINANKUPPAM,Kilvaithinankuppam,Vellore,Vellore,,கீழ்வைத்தியனான்குப்பம்
GUDIYATHAM,Gudiyatham,Vellore,Vellore,,குடியாத்தம்
VANIYAMBADI,Vaniyambadi,Tirupattur,Vellore,,வாணியம்பாடி
AMBUR,Ambur,Tirupattur,Vellore,,ஆம்பூர்
JOLARPET,Jolarpet,Tirupattur,Tiruvannamalai,,ஜோலார்பேட்டை
TIRUPPATTUR,Tiruppattur,Tirupattur,Tiruvannamalai,,திருப்பத்தூர்
UTHANGARAI,Uthangarai,Krishnagiri,Krishnagiri,,உத்தங்கரை
BARGUR,Bargur,Krishnagiri,Krishnagiri,,பர்கூர்
KRISHNAGIRI,Krishnagiri,Krishnagiri,Krishnagiri,,கிருஷ்ணகிரி
VEPPANAHALLI,Veppanahalli,Krishnagiri,Krishnagiri,,வேப்பனபள்ளி
HOSUR,Hosur,Krishnagiri,Krishnagiri,,ஓசூர்
THALLI,Thalli,Krishnagiri,Krishnagiri,,தளி
PALACODE,Palacode,Dharmapuri,Dharamapuri,,பாலக்கோடு
PENNAGARAM,Pennagaram,Dharmapuri,Dharamapuri,,பென்னாகரம்
DHARMAPURI,Dharmapuri,Dharmapuri,Dharamapuri,,தருமபுரி
PAPPIREDDIPPATTI,Pappireddippatti,Dharmapuri,Dharamapuri,,பாப்பிரெட்டிப்பட்டி
HARUR,Harur,Dharmapuri,Dharamapuri,,அரூர்
CHENGAM,Chengam,Tiruvannamalai,Tiruvannamalai,,சேங்கம்
TIRUVANNAMALAI,Tiruvannamalai,Tiruvannamalai,Tiruvannamalai,,திருவண்ணாமலை
KILPENNATHUR,Kilpennathur,Tiruvannamalai,Tiruvannamalai,,கீழ்பெண்ணாத்தூர்
KALASAPAKKAM,Kalasapakkam,Tiruvannamalai,Tiruvannamalai,,கலசப்பாக்கம்
POLUR,Polur,Tiruvannamalai,Arani,,போளூர்
ARANI,Arani,Tiruvannamalai,Arani,,ஆரணி
CHEYYAR,Cheyyar,Tiruvannamalai,Arani,,செய்யாறு
VANDAVASI,Vandavasi,Tiruvannamalai,Arani,SC,வந்தவாசி
GINGEE,Gingee,Viluppuram,Arani,,செஞ்சி
MAILAM,Mailam,Viluppuram,Arani,,மயிலம்
TINDIVANAM,Tindivanam,Viluppuram,Viluppuram,,திண்டிவனம்
VANUR,Vanur,Viluppuram,Viluppuram,,வானூர்
VILLUPURAM,Villupuram,Viluppuram,Viluppuram,,விழுப்புரம்
VIKRAVANDI,Vikravandi,Viluppuram,Viluppuram,,விக்கிரவாண்டி
TIRUKKOYILUR,Tirukkoyilur,Kallakurichi,Viluppuram,,திருக்கோயிலூர்
ULUNDURPETTAI,Ulundurpettai,Kallakurichi,Viluppuram,,உளுந்தூர்பேட்டை
RISHIVANDIYAM,Rishivandiyam,Kallakurichi,Kallakurichi,,இரிஷிவந்தியம்
SANKARAPURAM,Sankarapuram,Kallakurichi,Kallakurichi,,சங்கராபுரம்
KALLAKURICHI,Kallakurichi,Kallakurichi,Kallakurichi,,கள்ளக்குறிச்சி
GANGAVALLI,Gangavalli,Salem,Kallakurichi,,கங்கவள்ளி
ATTUR,Attur,Salem,Kallakurichi,,ஆத்தூர்
YERCAUD,Yercaud,Salem,Kallakurichi,,ஏற்காடு
OMALUR,Omalur,Salem,Salem,,ஓமலூர்
METTUR,Mettur,Salem,Dharamapuri,,மேட்டூர்
EDAPPADI,Edappadi,Salem,Salem,,எடப்பாடி
SANKARI,Sankari,Salem,Namakkal,,சங்கரி
SALEM_WEST,Salem (West),Salem,Salem,,சேலம் மேற்கு
SALEM_NORTH,Salem (North),Salem,Salem,,சேலம் வடக்கு
SALEM_SOUTH,Salem (South),Salem,Salem,,சேலம் தெற்கு
VEERAPANDI,Veerapandi,Salem,Salem,,வீரபாண்டி
RASIPURAM,Rasipuram,Namakkal,Namakkal,,இராசிபுரம்
SENTHAMANGALAM,Senthamangalam,Namakkal,Namakkal,ST,சேந்தமங்கலம்
NAMAKKAL,Namakkal,Namakkal,Namakkal,,நாமக்கல்
PARAMATHI_VELUR,Paramathi Velur,Namakkal,Namakkal,,பரமத்தி-வேலூர்
TIRUCHENGODU,Tiruchengodu,Namakkal,Namakkal,,திருச்செங்கோடு
KUMARAPALAYAM,Kumarapalayam,Namakkal,Erode,,குமாரபாளையம்
ERODE_EAST,Erode (East),Erode,Erode,,ஈரோடு கிழக்கு
ERODE_WEST,Erode (West),Erode,Erode,,ஈரோடு மேற்கு
MODAKKURICHI,Modakkurichi,Erode,Erode,,மொடக்குறிச்சி
DHARAPURAM,Dharapuram,Tiruppur,Erode,SC,தாராபுரம்
KANGAYAM,Kangayam,Tiruppur,Erode,,காங்கேயம்
PERUNDURAI,Perundurai,Erode,Tiruppur,,பெருந்துறை
BHAVANI,Bhavani,Erode,Tiruppur,,பவானி
ANTHIYUR,Anthiyur,Erode,Tiruppur,,அந்தியூர்
GOBICHETTIPALAYAM,Gobichettipalayam,Erode,Tiruppur,,கோபிசெட்டிப்பாளையம்
BHAVANISAGAR,Bhavanisagar,Erode,Nilgiris,,பவானிசாகர்
UDHAGAMANDALAM,Udhagamandalam,Nilgiris,Nilgiris,,உதகமண்டலம்
GUDALUR,Gudalur,Nilgiris,Nilgiris,SC,கூடலூர்
COONOOR,Coonoor,Nilgiris,Nilgiris,,குன்னூர்
METTUPALAYAM,Mettupalayam,Coimbatore,Nilgiris,,மேட்டுப்பாளையம்
AVANASHI,Avanashi,Tiruppur,Nilgiris,,அவிநாசி
TIRUPPUR_NORTH,Tiruppur (North),Tiruppur,Tiruppur,,திருப்பூர் வடக்கு
TIRUPPUR_SOUTH,Tiruppur (South),Tiruppur,Tiruppur,,திருப்பூர் தெற்கு
PALLADAM,Palladam,Tiruppur,Coimbatore,,பல்லடம்
SULUR,Sulur,Coimbatore,Coimbatore,,சூலூர்
KAVUNDAMPALAYAM,Kavundampalayam,Coimbatore,Coimbatore,,கவுண்டம்பாளையம்
COIMBATORE_NORTH,Coimbatore (North),Coimbatore,Coimbatore,,கோயம்புத்தூர் வடக்கு
THONDAMUTHUR,Thondamuthur,Coimbatore,Pollachi,,தொண்டாமுத்தூர்
COIMBATORE_SOUTH,Coimbatore (South),Coimbatore,Coimbatore,,கோயம்புத்தூர் தெற்கு
SINGANALLUR,Singanallur,Coimbatore,Coimbatore,,சிங்காநல்லூர்
KINATHUKADAVU,Kinathukadavu,Coimbatore,Pollachi,,கிணத்துக்கடவு
POLLACHI,Pollachi,Coimbatore,Pollachi,,பொள்ளாச்சி
VALPARAI,Valparai,Coimbatore,Pollachi,,வால்பாறை
UDUMALAIPETTAI,Udumalaipettai,Tiruppur,Pollachi,,உடுமலைப்பேட்டை
MADATHUKULAM,Madathukulam,Tiruppur,Pollachi,,மடத்துக்குளம்
PALANI,Palani,Dindigul,Dindigul,,பழனி
ODDANCHATRAM,Oddanchatram,Dindigul,Dindigul,,ஒட்டன்சத்திரம்
ATHOOR,Athoor,Dindigul,Dindigul,,ஆத்தூர்
NILAKOTTAI,Nilakottai,Dindigul,Dindigul,SC,நிலக்கோட்டை
NATHAM,Natham,Dindigul,Dindigul,,நத்தம்
DINDIGUL,Dindigul,Dindigul,Dindigul,,திண்டுக்கல்
VEDASANDUR,Vedasandur,Dindigul,Karur,,வேடசந்தூர்
ARAVAKURICHI,Aravakurichi,Karur,Karur,,அரவக்குறிச்சி
KARUR,Karur,Karur,Karur,,கரூர்
KRISHNARAYAPURAM,Krishnarayapuram,Karur,Karur,,கிருஷ்ணராயபுரம்
KULITHALAI,Kulithalai,Karur,Perambalur,,குளித்தலை
MANAPAARAI,Manapaarai,Tiruchirappalli,Karur,,மணப்பாறை
SRIRANGAM,Srirangam,Tiruchirappalli,Tiruchirappalli,,ஸ்ரீரங்கம்
TIRUCHIRAPPALLI_WEST,Tiruchirappalli (West),Tiruchirappalli,Tiruchirappalli,,திருச்சிராப்பள்ளி மேற்கு
TIRUCHIRAPPALLI_EAST,Tiruchirappalli (East),Tiruchirappalli,Tiruchirappalli,,திருச்சிராப்பள்ளி கிழக்கு
THIRUVERUMBUR,Thiruverumbur,Tiruchirappalli,Tiruchirappalli,,திருவெறும்பூர்
LALGUDI,Lalgudi,Tiruchirappalli,Perambalur,,லால்குடி
MANACHANALLUR,Manachanallur,Tiruchirappalli,Perambalur,,மணச்சநல்லூர்
MUSIRI,Musiri,Tiruchirappalli,Perambalur,,முசிறி
THURAIYUR,Thuraiyur,Tiruchirappalli,Perambalur,,துறையூர்
PERAMBALUR,Perambalur,Perambalur,Perambalur,,பெரம்பலூர்
KUNNAM,Kunnam,Perambalur,Chidambaram,,குன்னம்
ARIYALUR,Ariyalur,Ariyalur,Chidambaram,,அரியலூர்
JAYANKONDAM,Jayankondam,Ariyalur,Chidambaram,,ஜெயங்கொண்டம்
TITTAKUDI,Tittakudi,Cuddalore,Cuddalore,,திட்டக்குடி
VIRUDHACHALAM,Virudhachalam,Cuddalore,Cuddalore,,விருத்தாச்சலம்
NEYVELI,Neyveli,Cuddalore,Cuddalore,,நெய்வேலி
PANRUTI,Panruti,Cuddalore,Cuddalore,,பண்ருட்டி
CUDDALORE,Cuddalore,Cuddalore,Cuddalore,,கடலூர்
KURINJIPADI,Kurinjipadi,Cuddalore,Cuddalore,,குறிஞ்சிப்பாடி
BHUVANAGIRI,Bhuvanagiri,Cuddalore,Chidambaram,,புவனகிரி
CHIDAMBARAM,Chidambaram,Cuddalore,Chidambaram,,சிதம்பரம்
KATTUMANNARKOIL,Kattumannarkoil,Cuddalore,Chidambaram,,காட்டுமன்னார்கோயில்
SIRKAZHI,Sirkazhi,Mayiladuthurai,Mayiladuthurai,,சீர்காழி
MAYILADUTHURAI,Mayiladuthurai,Mayiladuthurai,Mayiladuthurai,,மயிலாடுதுறை
POOMPUHAR,Poompuhar,Mayiladuthurai,Mayiladuthurai,,பூம்புகார்
NAGAPATTINAM,Nagapattinam,Nagapattinam,Nagapattinam,,நாகப்பட்டினம்
KILVELUR,Kilvelur,Nagapattinam,Nagapattinam,,கீழ்வேளூர்
VEDARANYAM,Vedaranyam,Nagapattinam,Nagapattinam,,வேதாரண்யம்
THIRUTHURAIPOONDI,Thiruthuraipoondi,Thiruvarur,Nagapattinam,,திருத்துறைப்பூண்டி
MANNARGUDI,Mannargudi,Thiruvarur,Thanjavur,,மன்னார்குடி
THIRUVARUR,Thiruvarur,Thiruvarur,Nagapattinam,,திருவாரூர்
NANNILAM,Nannilam,Thiruvarur,Nagapattinam,,நன்னிலம்
THIRUVIDAIMARUDUR,Thiruvidaimarudur,Thanjavur,Mayiladuthurai,SC,திருவிடைமருதூர்
KUMBAKONAM,Kumbakonam,Thanjavur,Mayiladuthurai,,கும்பகோணம்
PAPANASAM,Papanasam,Thanjavur,Mayiladuthurai,,பாபநாசம்
THIRUVAIYARU,Thiruvaiyaru,Thanjavur,Thanjavur,,திருவையாறு
THANJAVUR,Thanjavur,Thanjavur,Thanjavur,,தஞ்சாவூர்
ORATHANADU,Orathanadu,Thanjavur,Thanjavur,,ஒரத்தநாடு
PATTUKKOTTAI,Pattukkottai,Thanjavur,Thanjavur,,பட்டுக்கோட்டை
PERAVURANI,Peravurani,Thanjavur,Thanjavur,,பேராவூரணி
GANDARVAKOTTAI,Gandarvakottai,Pudukkottai,Tiruchirappalli,,கந்தர்வக்கோட்டை
VIRALIMALAI,Viralimalai,Pudukkottai,Karur,,விராலிமலை
PUDUKKOTTAI,Pudukkottai,Pudukkottai,Tiruchirappalli,,புதுக்கோட்டை
THIRUMAYAM,Thirumayam,Pudukkottai,Sivaganga,,திருமயம்
ALANGUDI,Alangudi,Pudukkottai,Sivaganga,,ஆலங்குடி
ARANTHANGI,Aranthangi,Pudukkottai,Ramanathapuram,,அறந்தாங்கி
KARAIKUDI,Karaikudi,Sivaganga,Sivaganga,,காரைக்குடி
TIRUPPATTUR,Tiruppattur,Sivaganga,Sivaganga,,திருப்பத்தூர்
SIVAGANGA,Sivaganga,Sivaganga,Sivaganga,,சிவகங்கை
MANAMADURAI,Manamadurai,Sivaganga,Sivaganga,,மானாமதுரை
MELUR,Melur,Madurai,Madurai,,மேலூர்
MADURAI_EAST,Madurai East,Madurai,Madurai,,மதுரை கிழக்கு
SHOLAVANDAN,Sholavandan,Madurai,Theni,,சோழவந்தான்
MADURAI_NORTH,Madurai North,Madurai,Madurai,,மதுரை வடக்கு
MADURAI_SOUTH,Madurai South,Madurai,Madurai,,மதுரை தெற்கு
MADURAI_CENTRAL,Madurai Central,Madurai,Madurai,,மதுரை மத்திய
MADURAI_WEST,Madurai West,Madurai,Madurai,,மதுரை மேற்கு
THIRUPARANKUNDRAM,Thiruparankundram,Madurai,Virudhunagar,,திருப்பரங்குன்றம்
THIRUMANGALAM,Thirumangalam,Madurai,Virudhunagar,,திருமங்கலம்
USILAMPATTI,Usilampatti,Madurai,Theni,,உசிலம்பட்டி
ANDIPATTI,Andipatti,Theni,Theni,,ஆண்டிப்பட்டி
PERIYAKULAM,Periyakulam,Theni,Theni,,பெரியகுளம்
BODINAYAKANUR,Bodinayakanur,Theni,Theni,,போடிநாயக்கனூர்
CUMBUM,Cumbum,Theni,Theni,,கம்பம்
RAJAPALAYAM,Rajapalayam,Virudhunagar,Tenkasi,,இராஜபாளையம்
SRIVILLIPUTHUR,Srivilliputhur,Virudhunagar,Tenkasi,,ஸ்ரீவில்லிப்புத்தூர்
SATTUR,Sattur,Virudhunagar,Virudhunagar,,சாத்தூர்
SIVAKASI,Sivakasi,Virudhunagar,Virudhunagar,,சிவகாசி
VIRUDHUNAGAR,Virudhunagar,Virudhunagar,Virudhunagar,,விருதுநகர்
ARUPPUKKOTTAI,Aruppukkottai,Virudhunagar,Virudhunagar,,அருப்புக்கோட்டை
TIRUCHULI,Tiruchuli,Virudhunagar,Ramanathapuram,,திருச்சுழி
PARAMAKUDI,Paramakudi,Ramanathapuram,Ramanathapuram,,பரமக்குடி
TIRUVADANAI,Tiruvadanai,Ramanathapuram,Ramanathapuram,,திருவாடானை
RAMANATHAPURAM,Ramanathapuram,Ramanathapuram,Ramanathapuram,,இராமநாதபுரம்
MUDHUKULATHUR,Mudhukulathur,Ramanathapuram,Ramanathapuram,,முதுகுளத்தூர்
VILATHIKULAM,Vilathikulam,Thoothukudi,Thoothukkudi,,விளாத்திகுளம்
THOOTHUKKUDI,Thoothukkudi,Thoothukudi,Thoothukkudi,,தூத்துக்குடி
TIRUCHENDUR,Tiruchendur,Thoothukudi,Thoothukkudi,,திருச்செந்தூர்
SRIVAIKUNTAM,Srivaikuntam,Thoothukudi,Thoothukkudi,,ஸ்ரீவைகுண்டம்
OTTAPIDARAM,Ottapidaram,Thoothukudi,Thoothukkudi,,ஓட்டப்பிடாரம்
KOVILPATTI,Kovilpatti,Thoothukudi,Thoothukkudi,,கோவில்பட்டி
SANKARANKOVIL,Sankarankovil,Tenkasi,Tenkasi,,சங்கரன்கோவில்
VASUDEVANALLUR,Vasudevanallur,Tenkasi,Tenkasi,,வாசுதேவநல்லூர்
KADAYANALLUR,Kadayanallur,Tenkasi,Tenkasi,,கடையநல்லூர்
TENKASI,Tenkasi,Tenkasi,Tenkasi,,தென்காசி
ALANGULAM,Alangulam,Tenkasi,Tirunelveli,,ஆலங்குளம்
TIRUNELVELI,Tirunelveli,Tirunelveli,Tirunelveli,,திருநெல்வேலி
AMBASAMUDRAM,Ambasamudram,Tirunelveli,Tirunelveli,,அம்பாசமுத்திரம்
PALAYAMKOTTAI,Palayamkottai,Tirunelveli,Tirunelveli,,பாளையங்கோட்டை
NANGUNERI,Nanguneri,Tirunelveli,Tirunelveli,,நாங்குநேரி
RADHAPURAM,Radhapuram,Tirunelveli,Tirunelveli,,இராதாபுரம்
KANNIYAKUMARI,Kanniyakumari,Kanniyakumari,Kanniyakumari,,கன்னியாகுமரி
NAGERCOIL,Nagercoil,Kanniyakumari,Kanniyakumari,,நாகர்கோவில்
COLACHAL,Colachal,Kanniyakumari,Kanniyakumari,,குளச்சல்
PADMANABHAPURAM,Padmanabhapuram,Kanniyakumari,Kanniyakumari,,பத்மநாபபுரம்
VILAVANCODE,Vilavancode,Kanniyakumari,Kanniyakumari,,விளவங்கோடு
KILLIYOOR,Killiyoor,Kanniyakumari,Kanniyakumari,,கிள்ளியூர்
