district_code,taluk_code,taluk_name_en,name_ta
ARIYALUR,ARIYALUR_ARIYALUR,Ariyalur,அரியலூர்
ARIYALUR,ARIYALUR_UDAYARPALAYAM,Udayarpalayam,உடையார்பாளையம்
ARIYALUR,ARIYALUR_ANDIMADAM,Andimadam,ஆண்டிமடம்
ARIYALUR,ARIYALUR_SENDURAI,Sendurai,செந்துறை
CHENGALPATTU,CHENGALPATTU_PALLAVARAM,Pallavaram,பல்லாவரம்
CHENGALPATTU,CHENGALPATTU_TAMBARAM,Tambaram,தாம்பரம்
CHENGALPATTU,CHENGALPATTU_VANDALUR,Vandalur,வண்டலூர்
CHENGALPATTU,CHENGALPATTU_CHENGALPATTU,Chengalpattu,செங்கல்பட்டு
CHENGALPATTU,CHENGALPATTU_THIRUPORUR,Thiruporur,திருப்போரூர்
CHENGALPATTU,CHENGALPATTU_TIRUKALUKUNDRAM,Tirukalukundram,திருக்கழுகுன்றம்
CHENGALPATTU,CHENGALPATTU_MADURANTAKAM,Madurantakam,மதுராந்தகம்
CHENGALPATTU,CHENGALPATTU_CHEYYUR,Cheyyur,செய்யூர்
CHENNAI,CHENNAI_TONDIARPET,Tondiarpet,தண்டையார்பேட்டை
CHENNAI,CHENNAI_TIRUVOTTIYUR,Tiruvottiyur,திருவொற்றியூர்
CHENNAI,CHENNAI_PERAMBUR,Perambur,பெரம்பூர்
CHENNAI,CHENNAI_MADHAVARAM,Madhavaram,மாதவரம்
CHENNAI,CHENNAI_PURASAWALKAM,Purasawalkam,புரசைவாக்கம்
CHENNAI,CHENNAI_AMBATTUR,Ambattur,அம்பத்தூர்
CHENNAI,CHENNAI_AYANAVARAM,Ayanavaram,அயனாவரம்
CHENNAI,CHENNAI_EGMORE,Egmore,எழும்பூர்
CHENNAI,CHENNAI_AMINJIKARAI,Aminjikarai,அமைந்தக்கரை
CHENNAI,CHENNAI_MAMBALAM,Mambalam,மாம்பலம்
CHENNAI,CHENNAI_MADURAVOYAL,Maduravoyal,மதுரவாயல்
CHENNAI,CHENNAI_GUINDY,Guindy,கிண்டி
CHENNAI,CHENNAI_ALANDUR,Alandur,ஆலந்தூர்
CHENNAI,CHENNAI_SHOLINGANALLUR,Sholinganallur,சோழிங்கநல்லூர்
CHENNAI,CHENNAI_MYLAPORE,Mylapore,மயிலாப்பூர்
CHENNAI,CHENNAI_VELACHERY,Velachery,வேளச்சேரி
COIMBATORE,COIMBATORE_METTUPALAYAM,Mettupalayam,மேட்டுப்பாளையம்
COIMBATORE,COIMBATORE_COIMBATORE_NORTH,Coimbatore North,கோயம்புத்தூர் வடக்கு
COIMBATORE,COIMBATORE_ANNUR,Annur,அன்னூர்
COIMBATORE,COIMBATORE_COIMBATORE_SOUTH,Coimbatore South,கோயம்புத்தூர் தெற்கு
COIMBATORE,COIMBATORE_PERUR,Perur,பேரூர்
COIMBATORE,COIMBATORE_MADUKKARAI,Madukkarai,மதுக்கரை
COIMBATORE,COIMBATORE_SULUR,Sulur,சூலூர்
COIMBATORE,COIMBATORE_POLLACHI,Pollachi,பொள்ளாச்சி
COIMBATORE,COIMBATORE_KINATHUKADAVU,Kinathukadavu,கிணத்துக்கடவு
COIMBATORE,COIMBATORE_VALPARAI,Valparai,வால்பாறை
COIMBATORE,COIMBATORE_ANAIMALAI,Anaimalai,ஆனைமலை
CUDDALORE,CUDDALORE_PANRUTI,Panruti,பண்ருட்டி
CUDDALORE,CUDDALORE_CUDDALORE,Cuddalore,கடலூர்
CUDDALORE,CUDDALORE_KURINJIPADI,Kurinjipadi,குறிஞ்சிப்பாடி
CUDDALORE,CUDDALORE_CHIDAMBARAM,Chidambaram,சிதம்பரம்
CUDDALORE,CUDDALORE_KATTUMANNARKOIL,Kattumannarkoil,காட்டுமன்னார்கோயில்
CUDDALORE,CUDDALORE_BHUVANAGIRI,Bhuvanagiri,புவனகிரி
CUDDALORE,CUDDALORE_SRIMUSHNAM,Srimushnam,ஸ்ரீமுஷ்ணம்
CUDDALORE,CUDDALORE_VRIDDACHALAM,Vriddachalam,விருத்தாச்சலம்
CUDDALORE,CUDDALORE_TITTAKUDI,Tittakudi,திட்டக்குடி
CUDDALORE,CUDDALORE_VEPPUR,Veppur,வேப்பூர்
DHARMAPURI,DHARMAPURI_HARUR,Harur,அரூர்
DHARMAPURI,DHARMAPURI_PAPPIREDDIPATTI,Pappireddipatti,பாப்பிரெட்டிப்பட்டி
DHARMAPURI,DHARMAPURI_DHARMAPURI,Dharmapuri,தருமபுரி
DHARMAPURI,DHARMAPURI_PALACODE,Palacode,பாலக்கோடு
DHARMAPURI,DHARMAPURI_PENNAGARAM,Pennagaram,பென்னாகரம்
DHARMAPURI,DHARMAPURI_NALLAMPALLI,Nallampalli,நல்லம்பள்ளி
DHARMAPURI,DHARMAPURI_KARIMANGALAM,Karimangalam,காரிமங்கலம்
DINDIGUL,DINDIGUL_DINDIGUL_EAST,Dindigul East,திண்டுக்கல் கிழக்கு
DINDIGUL,DINDIGUL_DINDIGUL_WEST,Dindigul West,திண்டுக்கல் மேற்கு
DINDIGUL,DINDIGUL_NATHAM,Natham,நத்தம்
DINDIGUL,DINDIGUL_ATHOOR,Athoor,ஆத்தூர்
DINDIGUL,DINDIGUL_NILAKKOTTAI,Nilakkottai,நிலக்கோட்டை
DINDIGUL,DINDIGUL_PALANI,Palani,பழனி
DINDIGUL,DINDIGUL_ODDANCHATRAM,Oddanchatram,ஒட்டன்சத்திரம்
DINDIGUL,DINDIGUL_VEDASANDUR,Vedasandur,வேடசந்தூர்
DINDIGUL,DINDIGUL_GUJILIAMPARAI,Gujiliamparai,குஜிலியம்பாறை
DINDIGUL,DINDIGUL_KODAIKANAL,Kodaikanal,கொடைக்கானல்
ERODE,ERODE_ERODE,Erode,ஈரோடு
ERODE,ERODE_PERUNDURAI,Perundurai,பெருந்துறை
ERODE,ERODE_MODAKURICHI,Modakurichi,மொடக்குறிச்சி
ERODE,ERODE_KODUMUDI,Kodumudi,கொடுமுடி
ERODE,ERODE_GOBICHETTIPALAYAM,Gobichettipalayam,கோபிச்செட்டிப்பாளையம்
ERODE,ERODE_SATHYAMANGALAM,Sathyamangalam,சத்தியமங்கலம்
ERODE,ERODE_BHAVANI,Bhavani,பவானி
ERODE,ERODE_ANTHIYUR,Anthiyur,அந்தியூர்
ERODE,ERODE_THALAVADI,Thalavadi,தாளவாடி
ERODE,ERODE_NAMBIYUR,Nambiyur,நம்பியூர்
KALLAKURICHI,KALLAKURICHI_TIRUKKOYILUR,Tirukkoyilur,திருக்கோவிலூர்
KALLAKURICHI,KALLAKURICHI_ULUNDURPET,Ulundurpet,உளுந்தூர்பேட்டை
KALLAKURICHI,KALLAKURICHI_KALLAKURICHI,Kallakurichi,கள்ளக்குறிச்சி
KALLAKURICHI,KALLAKURICHI_SANKARAPURAM,Sankarapuram,சங்கரபுரம்
KALLAKURICHI,KALLAKURICHI_CHINNASELAM,Chinnaselam,சின்னசேலம்
KALLAKURICHI,KALLAKURICHI_KALVARAYAN_HILLS,Kalvarayan Hills,கல்வராயன்மலை
KALLAKURICHI,KALLAKURICHI_VANAPURAM,Vanapuram,வாணாபுரம்
KANCHEEPURAM,KANCHEEPURAM_KANCHEEPURAM,Kancheepuram,காஞ்சிபுரம்
KANCHEEPURAM,KANCHEEPURAM_WALAJABAD,Walajabad,வாலாஜாபாத்
KANCHEEPURAM,KANCHEEPURAM_UTHIRAMERUR,Uthiramerur,உத்திரமேரூர்
KANCHEEPURAM,KANCHEEPURAM_SRIPERUMBUDUR,Sriperumbudur,திருப்பெரும்புதூர்
KANCHEEPURAM,KANCHEEPURAM_KUNDRATHUR,Kundrathur,குன்றத்தூர்
KANNIYAKUMARI,KANNIYAKUMARI_AGASTHEESWARAM,Agastheeswaram,அகத்தீஸ்வரம்
KANNIYAKUMARI,KANNIYAKUMARI_THOVALAI,Thovalai,தோவாளை
KANNIYAKUMARI,KANNIYAKUMARI_KALKULAM,Kalkulam,கல்குளம்
KANNIYAKUMARI,KANNIYAKUMARI_VILAVANCODE,Vilavancode,விளவங்கோடு
KANNIYAKUMARI,KANNIYAKUMARI_THIRUVATTAR,Thiruvattar,திருவட்டார்
KANNIYAKUMARI,KANNIYAKUMARI_KILLIYOOR,Killiyoor,கிள்ளியூர்
KARUR,KARUR_KARUR,Karur,கரூர்
KARUR,KARUR_ARAVAKURICHI,Aravakurichi,அரவக்குறிச்சி
KARUR,KARUR_PUGALUR,Pugalur,புகளூர்
KARUR,KARUR_MANMANGALAM,Manmangalam,மண்மங்கலம்
KARUR,KARUR_KULITHALAI,Kulithalai,குளித்தலை
KARUR,KARUR_KRISHNARAYAPURAM,Krishnarayapuram,கிருஷ்ணராயபுரம்
KARUR,KARUR_KADAVUR,Kadavur,கடவூர்
KRISHNAGIRI,KRISHNAGIRI_KRISHNAGIRI,Krishnagiri,கிருஷ்ணகிரி
KRISHNAGIRI,KRISHNAGIRI_POCHAMPALLI,Pochampalli,போச்சம்பள்ளி
KRISHNAGIRI,KRISHNAGIRI_UTHANGARAI,Uthangarai,ஊத்தங்கரை
KRISHNAGIRI,KRISHNAGIRI_BARGUR,Bargur,பர்கூர்
KRISHNAGIRI,KRISHNAGIRI_HOSUR,Hosur,ஓசூர்
KRISHNAGIRI,KRISHNAGIRI_DENKANIKOTTAI,Denkanikottai,தேன்கனிக்கோட்டை
KRISHNAGIRI,KRISHNAGIRI_SHOOLAGIRI,Shoolagiri,சூளகிரி
KRISHNAGIRI,KRISHNAGIRI_ANCHETTY,Anchetty,அஞ்செட்டி
MADURAI,MADURAI_MADURAI_NORTH,Madurai North,மதுரை (வடக்கு)
MADURAI,MADURAI_MADURAI_WEST,Madurai West,மதுரை மேற்கு
MADURAI,MADURAI_VADIPATTI,Vadipatti,வாடிப்பட்டி
MADURAI,MADURAI_USILAMPATTI,Usilampatti,உசிலம்பட்டி
MADURAI,MADURAI_PERAIYUR,Peraiyur,பேரையூர்
MADURAI,MADURAI_MELUR,Melur,மேலூர்
MADURAI,MADURAI_MADURAI_EAST,Madurai East,மதுரை கிழக்கு
MADURAI,MADURAI_MADURAI_SOUTH,Madurai South,மதுரை (தெற்கு)
MADURAI,MADURAI_THIRUMANGALAM,Thirumangalam,திருமங்கலம்
MADURAI,MADURAI_THIRUPPARANKUNDRAM,Thirupparankundram,திருப்பரங்குன்றம்
MADURAI,MADURAI_KALLIGUDI,Kalligudi,கள்ளிக்குடி
MAYILADUTHURAI,MAYILADUTHURAI_MAYILADUTHURAI,Mayiladuthurai,மயிலாடுதுறை
MAYILADUTHURAI,MAYILADUTHURAI_KUTHALAM,Kuthalam,குத்தாலம்
MAYILADUTHURAI,MAYILADUTHURAI_SIRKAZHI,Sirkazhi,சீர்காழி
MAYILADUTHURAI,MAYILADUTHURAI_THARANGAMBADI,Tharangambadi,தரங்கம்பாடி
NAGAPATTINAM,NAGAPATTINAM_NAGAPATTINAM,Nagapattinam,நாகப்பட்டினம்
NAGAPATTINAM,NAGAPATTINAM_KILVELUR,Kilvelur,கீழ்வேலூர்
NAGAPATTINAM,NAGAPATTINAM_THIRUKKUVALAI,Thirukkuvalai,திருக்குவளை
NAGAPATTINAM,NAGAPATTINAM_VEDARANYAM,Vedaranyam,வேதாரண்யம்
NAMAKKAL,NAMAKKAL_NAMAKKAL,Namakkal,நாமக்கல்
NAMAKKAL,NAMAKKAL_RASIPURAM,Rasipuram,இராசிபுரம்
NAMAKKAL,NAMAKKAL_SENDAMANGALAM,Sendamangalam,சேந்தமங்கலம்
NAMAKKAL,NAMAKKAL_KOLLI_HILLS,Kolli Hills,கொல்லிமலை
NAMAKKAL,NAMAKKAL_MOHANUR,Mohanur,மோகனூர்
NAMAKKAL,NAMAKKAL_PARAMATHI_VELUR,Paramathi Velur,பரமத்தி-வேலூர்
NAMAKKAL,NAMAKKAL_THIRUCHENGODU,Thiruchengodu,திருச்செங்கோடு
NAMAKKAL,NAMAKKAL_KUMARAPALAYAM,Kumarapalayam,குமாரபாளையம்
PERAMBALUR,PERAMBALUR_PERAMBALUR,Perambalur,பெரம்பலூர்
PERAMBALUR,PERAMBALUR_ALATHUR,Alathur,ஆலத்தூர்
PERAMBALUR,PERAMBALUR_VEPPANTHATTAI,Veppanthattai,வேப்பந்தட்டை
PERAMBALUR,PERAMBALUR_KUNNAM,Kunnam,குன்னம்
PUDUKKOTTAI,PUDUKKOTTAI_PUDUKKOTTAI,Pudukkottai,புதுக்கோட்டை
PUDUKKOTTAI,PUDUKKOTTAI_ALANGUDI,Alangudi,ஆலங்குடி
PUDUKKOTTAI,PUDUKKOTTAI_GANDARVAKOTTAI,Gandarvakottai,கந்தர்வகோட்டை
PUDUKKOTTAI,PUDUKKOTTAI_TIRUMAYAM,Tirumayam,திருமயம்
PUDUKKOTTAI,PUDUKKOTTAI_KARAMBAKUDI,Karambakudi,கறம்பக்குடி
PUDUKKOTTAI,PUDUKKOTTAI_ILLUPPUR,Illuppur,இலுப்பூர்
PUDUKKOTTAI,PUDUKKOTTAI_KULATHUR,Kulathur,குளத்தூர்
PUDUKKOTTAI,PUDUKKOTTAI_PONNAMARAVATHI,Ponnamaravathi,பொன்னமராவதி
PUDUKKOTTAI,PUDUKKOTTAI_VIRALIMALAI,Viralimalai,விராலிமலை
PUDUKKOTTAI,PUDUKKOTTAI_ARANTHANGI,Aranthangi,அறந்தாங்கி
PUDUKKOTTAI,PUDUKKOTTAI_AVADAIYARKOIL,Avadaiyarkoil,ஆவுடையார்கோயில்
PUDUKKOTTAI,PUDUKKOTTAI_MANAMELKUDI,Manamelkudi,மணமேல்குடி
RAMANATHAPURAM,RAMANATHAPURAM_RAMANATHAPURAM,Ramanathapuram,இராமநாதபுரம்
RAMANATHAPURAM,RAMANATHAPURAM_TIRUVADANAI,Tiruvadanai,திருவாடானை
RAMANATHAPURAM,RAMANATHAPURAM_RAMESWARAM,Rameswaram,இராமேஸ்வரம்
RAMANATHAPURAM,RAMANATHAPURAM_KILAKARAI,Kilakarai,கீழக்கரை
RAMANATHAPURAM,RAMANATHAPURAM_R_S_MANGALAM,R. S. Mangalam,இராஜசிங்கமங்கலம்
RAMANATHAPURAM,RAMANATHAPURAM_PARAMAKUDI,Paramakudi,பரமக்குடி
RAMANATHAPURAM,RAMANATHAPURAM_KADALADI,Kadaladi,கடலாடி
RAMANATHAPURAM,RAMANATHAPURAM_MUDUKULATHUR,Mudukulathur,முதுகுளத்தூர்
RAMANATHAPURAM,RAMANATHAPURAM_KAMUTHI,Kamuthi,கமுதி
RANIPET,RANIPET_WALAJAH,Walajah,வாலாஜா
RANIPET,RANIPET_ARCOT,Arcot,ஆற்காடு
RANIPET,RANIPET_KALAVAI,Kalavai,கலவை
RANIPET,RANIPET_SHOLINGUR,Sholingur,சோளிங்கர்
RANIPET,RANIPET_ARAKKONAM,Arakkonam,அரக்கோணம்
RANIPET,RANIPET_NEMILI,Nemili,நெமிலி
SALEM,SALEM_SALEM,Salem,சேலம்
SALEM,SALEM_SALEM_WEST,Salem West,சேலம் மேற்கு
SALEM,SALEM_SALEM_SOUTH,Salem South,சேலம் தெற்கு
SALEM,SALEM_YERCAUD,Yercaud,ஏற்காடு
SALEM,SALEM_VALAPADY,Valapady,வாழப்பாடி
SALEM,SALEM_ATTUR,Attur,ஆத்தூர்
SALEM,SALEM_GANGAVALLI,Gangavalli,கங்கவள்ளி
SALEM,SALEM_PETHANAICKENPALAYAM,Pethanaickenpalayam,பெத்தநாயக்கன்பாளையம்
SALEM,SALEM_THALAIVASAL,Thalaivasal,தலைவாசல்
SALEM,SALEM_METTUR,Mettur,மேட்டூர்
SALEM,SALEM_OMALUR,Omalur,ஓமலூர்
SALEM,SALEM_KADAYAMPATTI,Kadayampatti,காடையாம்பட்டி
SALEM,SALEM_SANKARI,Sankari,சங்ககிரி
SALEM,SALEM_EDAPPADI,Edappadi,எடப்பாடி
SIVAGANGAI,SIVAGANGAI_SIVAGANGAI,Sivagangai,சிவகங்கை
SIVAGANGAI,SIVAGANGAI_ILAYANKUDI,Ilayankudi,இளையான்குடி
SIVAGANGAI,SIVAGANGAI_KALAIYARKOVIL,Kalaiyarkovil,காளையார்கோவில்
SIVAGANGAI,SIVAGANGAI_MANAMADURAI,Manamadurai,மானாமதுரை
SIVAGANGAI,SIVAGANGAI_TIRUPPUVANAM,Tiruppuvanam,திருப்புவனம்
SIVAGANGAI,SIVAGANGAI_DEVAKOTTAI,Devakottai,தேவகோட்டை
SIVAGANGAI,SIVAGANGAI_THIRUPATTUR,Thirupattur,திருப்பத்தூர்
SIVAGANGAI,SIVAGANGAI_KARAIKUDI,Karaikudi,காரைக்குடி
SIVAGANGAI,SIVAGANGAI_SIGAMPUNARI,Sigampunari,சிங்கம்புணரி
THANJAVUR,THANJAVUR_THANJAVUR,Thanjavur,தஞ்சாவூர்
THANJAVUR,THANJAVUR_THIRUVAIYARU,Thiruvaiyaru,திருவையாறு
THANJAVUR,THANJAVUR_BUDALUR,Budalur,பூதலூர்
THANJAVUR,THANJAVUR_ORATHANAD,Orathanad,ஒரத்தநாடு
THANJAVUR,THANJAVUR_KUMBAKONAM,Kumbakonam,கும்பகோணம்
THANJAVUR,THANJAVUR_PAPANASAM,Papanasam,பாபநாசம்
THANJAVUR,THANJAVUR_THIRUVIDAIMARUTHUR,Thiruvidaimaruthur,திருவிடைமருதூர்
THANJAVUR,THANJAVUR_PATTUKKOTTAI,Pattukkottai,பட்டுக்கோட்டை
THANJAVUR,THANJAVUR_PERAVURANI,Peravurani,பேராவூரணி
THE_NILGIRIS,THE_NILGIRIS_KOTAGIRI,Kotagiri,கோத்தகிரி
THE_NILGIRIS,THE_NILGIRIS_COONOOR,Coonoor,குன்னூர்
THE_NILGIRIS,THE_NILGIRIS_KUNDAH,Kundah,குந்தா
THE_NILGIRIS,THE_NILGIRIS_UDHAGAI,Udhagai,உதகமண்டலம்
THE_NILGIRIS,THE_NILGIRIS_GUDALUR,Gudalur,கூடலூர்
THE_NILGIRIS,THE_NILGIRIS_PANDALUR,Pandalur,பந்தலூர்
TENKASI,TENKASI_TENKASI,Tenkasi,தென்காசி
TENKASI,TENKASI_KADAYANALLUR,Kadayanallur,கடையநல்லூர்
TENKASI,TENKASI_SHENCOTTAI,Shencottai,செங்கோட்டை
TENKASI,TENKASI_ALANGULAM,Alangulam,ஆலங்குளம்
TENKASI,TENKASI_V_K_PUDUR,V.K.Pudur,வீரகேரளம்புதூர்
TENKASI,TENKASI_SANKARANKOVIL,Sankarankovil,சங்கரன்கோயில்
TENKASI,TENKASI_THIRUVENGADAM,Thiruvengadam,திருவேங்கடம்
TENKASI,TENKASI_SIVAGIRI,Sivagiri,சிவகிரி
THENI,THENI_PERIYAKULAM,Periyakulam,பெரியகுளம்
THENI,THENI_THENI,Theni,தேனி
THENI,THENI_AUNDIPATTI,Aundipatti,ஆண்டிபட்டி
THENI,THENI_UTHAMAPALAYAM,Uthamapalayam,உத்தமபாளையம்
THENI,THENI_BODINAYAKANUR,Bodinayakanur,போடிநாயக்கனூர்
TIRUCHIRAPPALLI,THIRUCHIRAPPALLI_THIRUCHIRAPPALLI_WEST,Thiruchirappalli West,திருச்சிராப்பள்ளி (மேற்கு)
TIRUCHIRAPPALLI,THIRUCHIRAPPALLI_THIRUCHIRAPPALLI_EAST,Thiruchirappalli East,திருச்சிராப்பள்ளி (கிழக்கு)
TIRUCHIRAPPALLI,THIRUCHIRAPPALLI_THIRUVERUMBUR,Thiruverumbur,திருவெறும்பூர்
TIRUCHIRAPPALLI,THIRUCHIRAPPALLI_SRIRANGAM,Srirangam,ஸ்ரீரங்கம்
TIRUCHIRAPPALLI,THIRUCHIRAPPALLI_MANAPPARAI,Manapparai,மணப்பாறை
TIRUCHIRAPPALLI,THIRUCHIRAPPALLI_MARUNGAPURI,Marungapuri,மருங்காபுரி
TIRUCHIRAPPALLI,THIRUCHIRAPPALLI_MUSIRI,Musiri,முசிறி
TIRUCHIRAPPALLI,THIRUCHIRAPPALLI_THURAIYUR,Thuraiyur,துறையூர்
TIRUCHIRAPPALLI,THIRUCHIRAPPALLI_THOTTIAM,Thottiam,தொட்டியம்
TIRUCHIRAPPALLI,THIRUCHIRAPPALLI_LALGUDI,Lalgudi,இலால்குடி
TIRUCHIRAPPALLI,THIRUCHIRAPPALLI_MANNACHANALLUR,Mannachanallur,மணச்சநல்லூர்
TIRUNELVELI,TIRUNELVELI_TIRUNELVELI,Tirunelveli,திருநெல்வேலி
TIRUNELVELI,TIRUNELVELI_MANUR,Manur,மானூர்
TIRUNELVELI,TIRUNELVELI_PALAYAMKOTTAI,Palayamkottai,பாளையங்கோட்டை
TIRUNELVELI,TIRUNELVELI_CHERANMAHADEVI,Cheranmahadevi,சேரன்மாதேவி
TIRUNELVELI,TIRUNELVELI_AMBASAMUDRAM,Ambasamuduram,அம்பாசமுத்திரம்
TIRUNELVELI,TIRUNELVELI_TISAIYANVILAI,Tisaiyanvilai,திசையன்விளை
TIRUNELVELI,TIRUNELVELI_NANGUNERI,Nanguneri,நாங்குநேரி
TIRUNELVELI,TIRUNELVELI_RADHAPURAM,Radhapuram,ராதாபுரம்
TIRUPATHUR,THIRUPATHUR_NATRAMPALLI,Natrampalli,நாட்ராம்பள்ளி
TIRUPATHUR,THIRUPATHUR_THIRUPATHUR,Thirupathur,திருப்பத்தூர்
TIRUPATHUR,THIRUPATHUR_VANIYAMBADI,Vaniyambadi,வாணியம்பாடி
TIRUPATHUR,THIRUPATHUR_AMBUR,Ambur,ஆம்பூர்
TIRUPPUR,TIRUPPUR_TIRUPPUR_NORTH,Tiruppur North,திருப்பூர் வடக்கு
TIRUPPUR,TIRUPPUR_TIRUPPUR_SOUTH,Tiruppur South,திருப்பூர் தெற்கு
TIRUPPUR,TIRUPPUR_AVINASHI,Avinashi,அவிநாசி
TIRUPPUR,TIRUPPUR_UTHUKULI,Uthukuli,ஊத்துக்குளி
TIRUPPUR,TIRUPPUR_PALLADAM,Palladam,பல்லடம்
TIRUPPUR,TIRUPPUR_DHARAPURAM,Dharapuram,தாராபுரம்
TIRUPPUR,TIRUPPUR_KANGEYAM,Kangeyam,காங்கேயம்
TIRUPPUR,TIRUPPUR_UDUMALPET,Udumalpet,உடுமலைப்பேட்டை
TIRUPPUR,TIRUPPUR_MADATHUKKULAM,Madathukkulam,மடத்துக்குளம்
TIRUVALLUR,TIRUVALLUR_AVADI,Avadi,ஆவடி
TIRUVALLUR,TIRUVALLUR_POONAMALLEE,Poonamallee,பூந்தமல்லி
TIRUVALLUR,TIRUVALLUR_TIRUVALLUR,Tiruvallur,திருவள்ளூர்
TIRUVALLUR,TIRUVALLUR_UTHUKOTTAI,Uthukottai,ஊத்துக்கோட்டை
TIRUVALLUR,TIRUVALLUR_PONNERI,Ponneri,பொன்னேரி
TIRUVALLUR,TIRUVALLUR_GUMMIDIPOONDI,Gummidipoondi,கும்மிடிப்பூண்டி
TIRUVALLUR,TIRUVALLUR_TIRUTTANI,Tiruttani,திருத்தணி
TIRUVALLUR,TIRUVALLUR_PALLIPATTU,Pallipattu,பள்ளிப்பட்டு
TIRUVALLUR,TIRUVALLUR_RK_PET,RK Pet,ஆர். கே. பேட்டை
TIRUVANNAMALAI,TIRUVANNAMALAI_TIRUVANNAMALAI,Tiruvannamalai,திருவண்ணாமலை
TIRUVANNAMALAI,TIRUVANNAMALAI_CHENGAM,Chengam,செங்கம்
TIRUVANNAMALAI,TIRUVANNAMALAI_THANDARAMPET,Thandarampet,தண்டராம்பட்டு
TIRUVANNAMALAI,TIRUVANNAMALAI_KILPENNATHUR,Kilpennathur,கீழ்பெண்ணாத்தூர்
TIRUVANNAMALAI,TIRUVANNAMALAI_ARNI,Arni,ஆரணி
TIRUVANNAMALAI,TIRUVANNAMALAI_POLUR,Polur,போளூர்
TIRUVANNAMALAI,TIRUVANNAMALAI_KALASAPAKKAM,Kalasapakkam,கலசப்பாக்கம்
TIRUVANNAMALAI,TIRUVANNAMALAI_JAMUNMARATHOOR,Jamunamarathoor,சமுனாமரத்தூர்
TIRUVANNAMALAI,TIRUVANNAMALAI_CHEYYAR,Cheyyar,செய்யாறு
TIRUVANNAMALAI,TIRUVANNAMALAI_VANDAVASI,Vandavasi,வந்தவாசி
TIRUVANNAMALAI,TIRUVANNAMALAI_CHETPET,Chetpet,சேத்துப்பட்டு
TIRUVANNAMALAI,TIRUVANNAMALAI_VEMBAKKAM,Vembakkam,வெம்பாக்கம்
TIRUVARUR,TIRUVARUR_TIRUVARUR,Tiruvarur,திருவாரூர்
TIRUVARUR,TIRUVARUR_KUDAVASAL,Kudavasal,குடவாசல்
TIRUVARUR,TIRUVARUR_NANNILAM,Nannilam,நன்னிலம்
TIRUVARUR,TIRUVARUR_VALANGAIMAN,Valangaiman,வலங்கைமான்
TIRUVARUR,TIRUVARUR_NEEDAMANGALAM,Needamangalam,நீடாமங்கலம்
TIRUVARUR,TIRUVARUR_TIRUTHURAIPOONDI,Tiruthuraipoondi,திருத்துறைப்பூண்டி
TIRUVARUR,TIRUVARUR_MANNARGUDI,Mannargudi,மன்னார்குடி
TIRUVARUR,TIRUVARUR_KOOTHANALLUR,Koothanallur,கூத்தாநல்லூர்
THOOTHUKUDI,THOOTHUKUDI_THOOTHUKUDI,Thoothukudi,தூத்துக்குடி
THOOTHUKUDI,THOOTHUKUDI_SRIVAIKUNDAM,Srivaikundam,ஸ்ரீவைகுண்டம்
THOOTHUKUDI,THOOTHUKUDI_KOVILPATTY,Kovilpatty,கோவில்பட்டி
THOOTHUKUDI,THOOTHUKUDI_OTTAPIDARAM,Ottapidaram,ஒட்டபிடாரம்
THOOTHUKUDI,THOOTHUKUDI_ETTAYAPURAM,Ettayapuram,எட்டயபுரம்
THOOTHUKUDI,THOOTHUKUDI_VILATHIKULAM,Vilathikulam,விளாத்திக்குளம்
THOOTHUKUDI,THOOTHUKUDI_KAYATHAR,Kayathar,கயத்தாறு
THOOTHUKUDI,THOOTHUKUDI_TIRUCHENDUR,Tiruchendur,திருச்செந்தூர்
THOOTHUKUDI,THOOTHUKUDI_SATHANKULAM,Sathankulam,சாத்தான்குளம்
THOOTHUKUDI,THOOTHUKUDI_ERAL,Eral,ஏரல்
VELLORE,VELLORE_VELLORE,Vellore,வேலூர்
VELLORE,VELLORE_ANAICUT,Anaicut,அணைக்கட்டு
VELLORE,VELLORE_KATPADI,Katpadi,காட்பாடி
VELLORE,VELLORE_GUDIYATHAM,Gudiyatham,குடியாத்தம்
VELLORE,VELLORE_PERNAMBUT,Pernambut,பேரணாம்பட்டு
VELLORE,VELLORE_K_V_KUPPAM,K V Kuppam,கீழ்வைத்தியனான்குப்பம்
VILUPPURAM,VILUPPURAM_VILUPPURAM,Viluppuram,விழுப்புரம்
VILUPPURAM,VILUPPURAM_VANUR,Vanur,வானூர்
VILUPPURAM,VILUPPURAM_VIKKIRAVANDI,Vikkiravandi,விக்கிரவாண்டி
VILUPPURAM,VILUPPURAM_THIRUVENNAINALLUR,Thiruvennainallur,திருவெண்ணெய்நல்லூர்
VILUPPURAM,VILUPPURAM_KANDACHIPURAM,Kandachipuram,கண்டாச்சிபுரம்
VILUPPURAM,VILUPPURAM_TINDIVANAM,Tindivanam,திண்டிவனம்
VILUPPURAM,VILUPPURAM_GINGEE,Gingee,செஞ்சி
VILUPPURAM,VILUPPURAM_MARAKKANAM,Marakkanam,மரக்காணம்
VILUPPURAM,VILUPPURAM_MELMALAIYANUR,Melmalaiyanur,மேல்மலையனூர்
VIRUDHUNAGAR,VIRUDHUNAGAR_VIRUDHUNAGAR,Virudhunagar,விருதுநகர்
VIRUDHUNAGAR,VIRUDHUNAGAR_ARUPPUKOTTAI,Aruppukottai,அருப்புக்கோட்டை
VIRUDHUNAGAR,VIRUDHUNAGAR_KARIYAPATTI,Kariyapatti,காரியாப்பட்டி
VIRUDHUNAGAR,VIRUDHUNAGAR_TIRUCHULI,Tiruchuli,திருச்சுழி
VIRUDHUNAGAR,VIRUDHUNAGAR_SIVAKASI,Sivakasi,சிவகாசி
VIRUDHUNAGAR,VIRUDHUNAGAR_SRIVILLIPUTHUR,Srivilliputhur,ஸ்ரீவில்லிப்புத்தூர்
VIRUDHUNAGAR,VIRUDHUNAGAR_WATRAP,Watrap,வத்திராயிருப்பு
VIRUDHUNAGAR,VIRUDHUNAGAR_SATTUR,Sattur,சாத்தூர்
VIRUDHUNAGAR,VIRUDHUNAGAR_VEMBAKKOTTAI,Vembakkottai,வெம்பக்கோட்டை
VIRUDHUNAGAR,VIRUDHUNAGAR_RAJAPALAYAM,Rajapalayam,இராஜபாளையம்
