type,name_en,district,name_ta
CORPORATION,Greater Chennai,Chennai,சென்னை
CORPORATION,Madurai,Madurai,மதுரை
CORPORATION,Coimbatore,Coimbatore,கோயம்புத்தூர்
CORPORATION,Tiruchirappalli,Tiruchirappalli,திருச்சிராப்பள்ளி
CORPORATION,Salem,Salem,சேலம்
CORPORATION,Tirunelveli,Tirunelveli,திருநெல்வேலி
CORPORATION,Vellore,Vellore,வேலூர்
CORPORATION,Tiruppur,Tiruppur,திருப்பூர்
CORPORATION,Erode,Erode,ஈரோடு
CORPORATION,Thoothukudi,Thoothukudi,தூத்துக்குடி
CORPORATION,Dindigul,Dindigul,திண்டுக்கல்
CORPORATION,Thanjavur,Thanjavur,தஞ்சாவூர்
CORPORATION,Nagercoil,Kanyakumari,நாகர்கோவில்
CORPORATION,Hosur,Krishnagiri,ஓசூர்
CORPORATION,Avadi,Thiruvallur,அவடி
CORPORATION,Kumbakonam,Thanjavur,கும்பகோணம்
CORPORATION,Cuddalore,Cuddalore,கடலூர்
CORPORATION,Kancheepuram,Kancheepuram,காஞ்சிபுரம்
CORPORATION,Karur,Karur,கரூர்
CORPORATION,Sivakasi,Virudhunagar,சிவகாசி
CORPORATION,Tambaram,Chengalpattu,தாம்பரம்
CORPORATION,Karaikudi,Sivaganga,காரைக்குடி
CORPORATION,Namakkal,Namakkal,நாமக்கல்
CORPORATION,Pudukkottai,Pudukkottai,புதுக்கோட்டை
CORPORATION,Tiruvannamalai,Tiruvannamalai,திருவண்ணாமலை
MUNICIPALITY,Tiruvallur,Thiruvallur,திருவள்ளூர்
MUNICIPALITY,Tiruttani,Thiruvallur,திருத்தணி
MUNICIPALITY,Ponneri,Thiruvallur,பொன்னேரி
MUNICIPALITY,Naravarikuppam,Thiruvallur,நரவரிக்குப்பம்
MUNICIPALITY,Veppampattu,Thiruvallur,வேப்பம்பட்டு
MUNICIPALITY,Chengalpattu,Chengalpattu,செங்கல்பட்டு
MUNICIPALITY,Maduranthakam,Chengalpattu,மதுராந்தகம்
MUNICIPALITY,Mamallapuram,Chengalpattu,மாமல்லபுரம்
MUNICIPALITY,Maraimalai Nagar,Chengalpattu,மறைமலைநகர்
MUNICIPALITY,Nandivaram-Guduvancheri,Chengalpattu,நந்திவரம் - கூடுவாஞ்சேரி
MUNICIPALITY,Kundrathur,Kanchipuram,குன்றத்தூர்
MUNICIPALITY,Mangadu,Kanchipuram,மாங்காடு
MUNICIPALITY,Sriperumbudur,Kanchipuram,திருப்பெரும்புதூர்
MUNICIPALITY,Chidambaram,Cuddalore,சிதம்பரம்
MUNICIPALITY,Panruti,Cuddalore,பண்ணுருட்டி
MUNICIPALITY,Nellikuppam,Cuddalore,நெல்லிக்குப்பம்
MUNICIPALITY,Tittakudi,Cuddalore,திட்டக்குடி
MUNICIPALITY,Vadalur,Cuddalore,வடலூர்
MUNICIPALITY,Virudhachalam,Cuddalore,விருத்தாச்சலம்
MUNICIPALITY,Kottakuppam,Viluppuram,கோட்டக்குப்பம்
MUNICIPALITY,Tindivanam,Viluppuram,திண்டிவனம்
MUNICIPALITY,Viluppuram,Viluppuram,விழுப்புரம்
MUNICIPALITY,Kallakurichi,Kallakurichi,கள்ளக்குறிச்சி
MUNICIPALITY,Tirukoilur,Kallakurichi,திருக்கோவிலூர்
MUNICIPALITY,Ulundurpettai,Kallakurichi,உளுந்தூர்பேட்டை
MUNICIPALITY,Gudiyatham,Vellore,குடியாத்தம்
MUNICIPALITY,Pernambut,Vellore,
MUNICIPALITY,Arakkonam,Ranipet,அரக்கோணம்
MUNICIPALITY,Arcot,Ranipet,ஆற்காடு
MUNICIPALITY,Melvisharam,Ranipet,மேல்விஷாரம்
MUNICIPALITY,Ranipet,Ranipet,இராணிப்பேட்டை
MUNICIPALITY,Sholinghur,Ranipet,சோளிங்கர்
MUNICIPALITY,Walajapet,Ranipet,வாலாஜாபேட்டை
MUNICIPALITY,Ambur,Tirupathur,ஆம்பூர்
MUNICIPALITY,Jolarpettai,Tirupathur,ஜோலார்பேட்டை
MUNICIPALITY,Tirupattur,Tirupathur,திருப்பத்தூர்
MUNICIPALITY,Vaniyambadi,Tirupathur,வாணியம்பாடி
MUNICIPALITY,Arni,Tiruvannamalai,ஆரணி
MUNICIPALITY,Chengam,Tiruvannamalai,செங்கம்
MUNICIPALITY,Polur,Tiruvannamalai,போளூர்
MUNICIPALITY,Thiruvathipuram,Tiruvannamalai,திருவத்திபுரம்
MUNICIPALITY,Vandavasi,Tiruvannamalai,வந்தவாசி
MUNICIPALITY,Dharmapuri,Dharmapuri,தர்மபுரி
MUNICIPALITY,Harur,Dharmapuri,அரூர்
MUNICIPALITY,Attur,Salem,ஆத்தூர்
MUNICIPALITY,Edaganasalai,Salem,எடகணாசாலை
MUNICIPALITY,Edappadi,Salem,எடப்பாடி
MUNICIPALITY,Mettur,Salem,மேட்டூர்
MUNICIPALITY,Narasingapuram,Salem,நரசிங்கபுரம்
MUNICIPALITY,Sangagiri,Salem,சங்ககிரி
MUNICIPALITY,Tharamangalam,Salem,தாரமங்கலம்
MUNICIPALITY,Krishnagiri,Krishnagiri,கிருஷ்ணகிரி
MUNICIPALITY,Komarapalayam,Namakkal,குமாரபாளையம்
MUNICIPALITY,Mohanur,Namakkal,மோகனூர்
MUNICIPALITY,Pallipalayam,Namakkal,பள்ளிபாளையம்
MUNICIPALITY,Rasipuram,Namakkal,இராசிபுரம்
MUNICIPALITY,Tiruchengode,Namakkal,திருச்செங்கோடு
MUNICIPALITY,Kulithalai,Karur,குளித்தலை
MUNICIPALITY,Pallapatti,Karur,பள்ளப்பட்டி
MUNICIPALITY,Pugalur,Karur,புகழூர்
MUNICIPALITY,Mettupalayam,Coimbatore,மேட்டுப்பாளையம்
MUNICIPALITY,Karamadai,Coimbatore,காரமடை
MUNICIPALITY,Gudalur,Coimbatore,கூடலூர்
MUNICIPALITY,Karumathampatti,Coimbatore,கருமத்தம்பட்டி
MUNICIPALITY,Sulur,Coimbatore,சூலூர்
MUNICIPALITY,Pollachi,Coimbatore,பொள்ளாச்சி
MUNICIPALITY,Valparai,Coimbatore,வால்பாறை
MUNICIPALITY,Bhavani,Erode,பவானி
MUNICIPALITY,Gobichettipalayam,Erode,கோபிச்செட்டிப்பாளையம்
MUNICIPALITY,Kavandapadi,Erode,காவந்தபாடி
MUNICIPALITY,Perundurai,Erode,பெருந்துறை
MUNICIPALITY,Punjai Puliampatti,Erode,புஞ்சைப் புளியம்பட்டி
MUNICIPALITY,Sathyamangalam,Erode,சத்தியமங்கலம்
MUNICIPALITY,Avinashi,Tiruppur,அவிநாசி
MUNICIPALITY,Dharapuram,Tiruppur,தாராபுரம்
MUNICIPALITY,Kangeyam,Tiruppur,காங்கேயம்
MUNICIPALITY,Palladam,Tiruppur,பல்லடம்
MUNICIPALITY,Thirumuruganpoondi,Tiruppur,திருமுருகன்பூண்டி
MUNICIPALITY,Udumalaipettai,Tiruppur,உடுமலைப்பேட்டை
MUNICIPALITY,Vellakoil,Tiruppur,வெள்ளக்கோயில்
MUNICIPALITY,Coonoor,Nilgiris,குன்னூர்
MUNICIPALITY,Gudalur,Nilgiris,கூடலூர்
MUNICIPALITY,Kotagiri,Nilgiris,கோத்தகிரி
MUNICIPALITY,Nelliyalam,Nilgiris,நெல்லியாளம்
MUNICIPALITY,Udagamandalam,Nilgiris,உதகமண்டலம்
MUNICIPALITY,Manapparai,Tiruchirappalli,மணப்பாறை
MUNICIPALITY,Musiri,Tiruchirappalli,முசிறி
MUNICIPALITY,Lalgudi,Tiruchirappalli,லால்குடி
MUNICIPALITY,Thuraiyur,Tiruchirappalli,துறையூர்
MUNICIPALITY,Thuvakudi,Tiruchirappalli,துவாக்குடி
MUNICIPALITY,Nagapattinam,Nagapattinam,நாகப்பட்டினம்
MUNICIPALITY,Vedaranyam,Nagapattinam,வேதாரண்யம்
MUNICIPALITY,Mayiladuthurai,Mayiladuthurai,மயிலாடுதுறை
MUNICIPALITY,Sirkazhi,Mayiladuthurai,சீர்காழி
MUNICIPALITY,Ariyalur,Ariyalur,அரியலூர்
MUNICIPALITY,Jayankondam,Ariyalur,ஜெயங்கொண்டம்
MUNICIPALITY,Perambalur,Perambalur,பெரம்பலூர்
MUNICIPALITY,Koothanallur,Thiruvarur,கூத்தாநல்லூர்
MUNICIPALITY,Mannargudi,Thiruvarur,மன்னார்குடி
MUNICIPALITY,Thiruthuraipoondi,Thiruvarur,திருத்துறைப்பூண்டி
MUNICIPALITY,Thiruvarur,Thiruvarur,திருவாரூர்
MUNICIPALITY,Adirampattinam,Thanjavur,அதிராம்பட்டினம்
MUNICIPALITY,Pattukkottai,Thanjavur,பட்டுக்கோட்டை
MUNICIPALITY,Thiruvaiyaru,Thanjavur,திருவையாறு
MUNICIPALITY,Aranthangi,Pudukkottai,அறந்தாங்கி
MUNICIPALITY,Melur,Madurai,மேலூர்
MUNICIPALITY,Thirumangalam,Madurai,திருமங்கலம்
MUNICIPALITY,Usilampatti,Madurai,உசிலம்பட்டி
MUNICIPALITY,Bodinayakkanur,Theni,போடிநாயக்கனூர்
MUNICIPALITY,Chinnamanur,Theni,சின்னமனூர்
MUNICIPALITY,Cumbum,Theni,கம்பம்
MUNICIPALITY,Gudalur,Theni,கூடலூர்
MUNICIPALITY,Periyakulam,Theni,பெரியகுளம்
MUNICIPALITY,Theni Allinagaram,Theni,தேனி
TOWN_PANCHAYAT,Uthamapalayam,Theni,உத்தமபாளையம்
MUNICIPALITY,Kodaikanal,Dindigul,கொடைக்கானல்
MUNICIPALITY,Oddanchatram,Dindigul,ஒட்டன்சத்திரம்
MUNICIPALITY,Palani,Dindigul,பழனி
MUNICIPALITY,Devakottai,Sivagangai,தேவகோட்டை
MUNICIPALITY,Manamadurai,Sivagangai,மானாமதுரை
MUNICIPALITY,Sivaganga,Sivagangai,சிவகங்கை
MUNICIPALITY,Kilakarai,Ramanathapuram,கீழக்கரை
MUNICIPALITY,Paramakudi,Ramanathapuram,பரமக்குடி
MUNICIPALITY,Ramanathapuram,Ramanathapuram,இராமநாதபுரம்
MUNICIPALITY,Rameswaram,Ramanathapuram,இராமேஸ்வரம்
MUNICIPALITY,Ambasamudram,Tirunelveli,அம்பாசமுத்திரம்
MUNICIPALITY,Kalakkad,Tirunelveli,களக்காடு
TOWN_PANCHAYAT,Vadakkuvalliyur,Tirunelveli,வடக்கு வள்ளியூர்
MUNICIPALITY,Vikramasingapuram,Tirunelveli,விக்கிரமசிங்கபுரம்
MUNICIPALITY,Kadayanallur,Tenkasi,கடையநல்லூர்
MUNICIPALITY,Puliyankudi,Tenkasi,புளியங்குடி
MUNICIPALITY,Sankarankovil,Tenkasi,சங்கரன்கோவில்
MUNICIPALITY,Sengottai,Tenkasi,செங்கோட்டை
MUNICIPALITY,Surandai,Tenkasi,சுரண்டை
MUNICIPALITY,Tenkasi,Tenkasi,தென்காசி
MUNICIPALITY,Aruppukkottai,Virudhunagar,அருப்புக்கோட்டை
MUNICIPALITY,Rajapalayam,Virudhunagar,இராஜபாளையம்
MUNICIPALITY,Sattur,Virudhunagar,சாத்தூர்
MUNICIPALITY,Srivilliputhur,Virudhunagar,திருவில்லிபுத்தூர்
MUNICIPALITY,Virudhunagar,Virudhunagar,விருதுநகர்
MUNICIPALITY,Kayalpatnam,Thoothukkudi,காயல்பட்டினம்
MUNICIPALITY,Kovilpatti,Thoothukkudi,கோவில்பட்டி
MUNICIPALITY,Tiruchendur,Thoothukkudi,திருச்செந்தூர்
MUNICIPALITY,Padmanabhapuram,Kanniyakumari,பத்மநாபபுரம்
MUNICIPALITY,Kuzhithurai,Kanniyakumari,குழித்துறை
MUNICIPALITY,Colachel,Kanniyakumari,குளச்சல்
MUNICIPALITY,Kollankodu,Kanniyakumari,கொல்லங்கோடு
MUNICIPALITY,Kanyakumari,Kanniyakumari,கன்னியாகுமரி
TOWN_PANCHAYAT,Arani,Thiruvallur,ஆரணி
TOWN_PANCHAYAT,Athipattu,Thiruvallur,அத்திப்பட்டு
TOWN_PANCHAYAT,Gummidipoondi,Thiruvallur,கும்மிடிப்பூண்டி
TOWN_PANCHAYAT,Kadambathur,Thiruvallur,கடம்பத்தூர்
TOWN_PANCHAYAT,Minjur,Thiruvallur,மீஞ்சூர்
TOWN_PANCHAYAT,Padianallur,Thiruvallur,பாடியநல்லூர்
TOWN_PANCHAYAT,Pallipattu,Thiruvallur,பள்ளிப்பட்டு
TOWN_PANCHAYAT,Podaturpet,Thiruvallur,பொதட்டூர்பேட்டை
TOWN_PANCHAYAT,Thirumazhisai,Thiruvallur,திருமழிசை
TOWN_PANCHAYAT,Uthukottai,Thiruvallur,ஊத்துக்கோட்டை
TOWN_PANCHAYAT,Acharapakkam,Chengalpattu,அச்சரப்பாக்கம்
TOWN_PANCHAYAT,Edaikazhinadu,Chengalpattu,
TOWN_PANCHAYAT,Karunguzhi,Chengalpattu,கருங்குழி
TOWN_PANCHAYAT,Thiruporur,Chengalpattu,திருப்போரூர்
TOWN_PANCHAYAT,Tirukalukundram,Chengalpattu,திருக்கழுகுன்றம்
TOWN_PANCHAYAT,Uthiramerur,Kanchipuram,உத்திரமேரூர்
TOWN_PANCHAYAT,Walajabad,Kanchipuram,வாலாஜாபாத்
TOWN_PANCHAYAT,Odugathur,Vellore,ஒடுகத்தூர்
TOWN_PANCHAYAT,Pallikonda,Vellore,பள்ளிகொண்டா
TOWN_PANCHAYAT,Pennathur,Vellore,பெண்ணாத்தூர்
TOWN_PANCHAYAT,Thiruvalam,Vellore,திருவலம்
TOWN_PANCHAYAT,Ammoor,Ranipet,அம்மூர்
TOWN_PANCHAYAT,Kalavai,Ranipet,கலவை
TOWN_PANCHAYAT,Kaveripakkam,Ranipet,காவேரிப்பாக்கம்
TOWN_PANCHAYAT,Nemili,Ranipet,நெமிலி
TOWN_PANCHAYAT,Panapakkam,Ranipet,பனப்பாக்கம்
TOWN_PANCHAYAT,Thakkolam,Ranipet,தக்கோலம்
TOWN_PANCHAYAT,Timiri,Ranipet,திமிரி
TOWN_PANCHAYAT,Vilapakkam,Ranipet,விளப்பாக்கம்
TOWN_PANCHAYAT,Alangayam,Thiruppathur,ஆலங்காயம்
TOWN_PANCHAYAT,Natrampalli,Thiruppathur,நட்ராம்பள்ளி
TOWN_PANCHAYAT,Uthayendram,Thiruppathur,உதயேந்திரம்
TOWN_PANCHAYAT,Chetpet,Thiruvannamalai,சேத்துப்பட்டு
TOWN_PANCHAYAT,Desur,Thiruvannamalai,தேசூர்
TOWN_PANCHAYAT,Kalambur,Thiruvannamalai,களம்பூர்
TOWN_PANCHAYAT,Kannamangalam,Thiruvannamalai,கண்ணமங்கலம்
TOWN_PANCHAYAT,Kizh-Pennathur,Thiruvannamalai,கீழ்பெண்ணாத்தூர்
TOWN_PANCHAYAT,Peranamallur,Thiruvannamalai,பெரணமல்லூர்
TOWN_PANCHAYAT,Pudupalayam,Thiruvannamalai,புதுப்பாளையம்
TOWN_PANCHAYAT,Vettavalam,Thiruvannamalai,வேட்டவலம்
TOWN_PANCHAYAT,Vanapuram,Thiruvannamalai,வாணாபுரம்
TOWN_PANCHAYAT,Thyagi Annamalai Nagar,Thiruvannamalai,
TOWN_PANCHAYAT,Thandarampattu,Thiruvannamalai,தண்டராம்பட்டு
TOWN_PANCHAYAT,Vembakkam,Thiruvannamalai,வெம்பாக்கம்
TOWN_PANCHAYAT,Kalasapakkam,Thiruvannamalai,கலசப்பாக்கம்
TOWN_PANCHAYAT,Adamangalam-Pudur,Thiruvannamalai,ஆதமங்கலம் புதூர்
TOWN_PANCHAYAT,Kadathur,Dharmapuri,கடத்தூர்
TOWN_PANCHAYAT,Kariamangalam,Dharmapuri,காரிமங்கலம்
TOWN_PANCHAYAT,Palakkodu,Dharmapuri,பாலக்கோடு
TOWN_PANCHAYAT,Papparapatti,Dharmapuri,பாப்பாரப்பட்டி
TOWN_PANCHAYAT,Pappireddipatti,Dharmapuri,பாப்பிரெட்டிப்பட்டி
TOWN_PANCHAYAT,Pennagaram,Dharmapuri,பெண்ணாகரம்
TOWN_PANCHAYAT,Marandahalli,Dharmapuri,மாரண்டஹள்ளி
TOWN_PANCHAYAT,Kambainallur,Dharmapuri,கம்பைநல்லூர்
TOWN_PANCHAYAT,Bommidi,Dharmapuri,பொம்மிடி
TOWN_PANCHAYAT,Koothapadi,Dharmapuri,கூத்தப்பாடி
TOWN_PANCHAYAT,Bagalur,Krishnagiri,பாகலூர்
TOWN_PANCHAYAT,Bargur,Krishnagiri,பருகூர்
TOWN_PANCHAYAT,Denkanikottai,Krishnagiri,தேன்கனிக்கோட்டை
TOWN_PANCHAYAT,Kaveripattinam,Krishnagiri,காவேரிப்பட்டணம்
TOWN_PANCHAYAT,Kelamangalam,Krishnagiri,கெலமங்கலம்
TOWN_PANCHAYAT,Nagojanahalli,Krishnagiri,
TOWN_PANCHAYAT,Rayakottai,Krishnagiri,ராயக்கோட்டை
TOWN_PANCHAYAT,Shoolagiri,Krishnagiri,சூளகிரி
TOWN_PANCHAYAT,Uthangarai,Krishnagiri,ஊத்தங்கரை
TOWN_PANCHAYAT,Arasiramani,Salem,அரசிராமணி
TOWN_PANCHAYAT,Attayampatti,Salem,ஆட்டையாம்பட்டி
TOWN_PANCHAYAT,Ayothiapattinam,Salem,அயோத்தியாபட்டினம்
TOWN_PANCHAYAT,Belur,Salem,பேளூர்
TOWN_PANCHAYAT,Elampillai,Salem,இளம்பிள்ளை
TOWN_PANCHAYAT,Ethapur,Salem,எதப்பூர்
TOWN_PANCHAYAT,Gangavalli,Salem,கங்கவள்ளி
TOWN_PANCHAYAT,Jalakandapuram,Salem,ஜலகண்டாபுரம்
TOWN_PANCHAYAT,Kadayampatti,Salem,கடையம்பட்டி
TOWN_PANCHAYAT,Kannankurichi,Salem,கன்னங்குறிச்சி
TOWN_PANCHAYAT,Karuppur,Salem,கருப்பூர்
TOWN_PANCHAYAT,Keeripatti,Salem,கீரிப்பட்டி
TOWN_PANCHAYAT,Kolathur,Salem,கொளத்தூர்
TOWN_PANCHAYAT,Konganapuram,Salem,கொங்கணாபுரம்
TOWN_PANCHAYAT,Mallur,Salem,மல்லூர்
TOWN_PANCHAYAT,Mecheri,Salem,மேச்சேரி
TOWN_PANCHAYAT,Nangavalli,Salem,நங்கவள்ளி
TOWN_PANCHAYAT,Omalur,Salem,ஓமலூர்
TOWN_PANCHAYAT,P. N. Patti,Salem,பி.என்.பட்டி
TOWN_PANCHAYAT,Panaimarathupatti,Salem,பனைமரத்துப்பட்டி
TOWN_PANCHAYAT,Pethanaickenpalayam,Salem,பெத்தநாயக்கன்பாளையம்
TOWN_PANCHAYAT,Poolampatti,Salem,பூலாம்பட்டி
TOWN_PANCHAYAT,Sentharapatti,Salem,செந்தாரப்பட்டி
TOWN_PANCHAYAT,Thammampatti,Salem,தம்மம்பட்டி
TOWN_PANCHAYAT,Thedavur,Salem,தெடாவூர்
TOWN_PANCHAYAT,Thevur,Salem,தேவூர்
TOWN_PANCHAYAT,Vazhapadi,Salem,வாழப்பாடி
TOWN_PANCHAYAT,Vanavasi,Salem,வனவாசி
TOWN_PANCHAYAT,Veeraganur,Salem,வீரகனூர்
TOWN_PANCHAYAT,Veerakkalpudur,Salem,வீரக்கல்புதூர்
TOWN_PANCHAYAT,Alampalayam,Namakkal,ஆலம்பாளையம்
TOWN_PANCHAYAT,Athanur,Namakkal,அத்தனூர்
TOWN_PANCHAYAT,Erumaipatti,Namakkal,எருமைப்பட்டி
TOWN_PANCHAYAT,Kalappanaickenpatti,Namakkal,காளப்பநாயக்கன்பட்டி
TOWN_PANCHAYAT,Mallasamudram,Namakkal,மல்லசமுத்திரம்
TOWN_PANCHAYAT,Namagiripettai,Namakkal,நாமகிரிப்பேட்டை
TOWN_PANCHAYAT,Padaveedu,Namakkal,படைவீடு
TOWN_PANCHAYAT,Pandamangalam,Namakkal,பாண்டமங்கலம்
TOWN_PANCHAYAT,Paramathi,Namakkal,பரமத்தி
TOWN_PANCHAYAT,R.Pattanam,Namakkal,இரா. பட்டணம்
TOWN_PANCHAYAT,Pillanallur,Namakkal,பிள்ளாநல்லூர்
TOWN_PANCHAYAT,Pothanur,Namakkal,போத்தனூர்
TOWN_PANCHAYAT,R. Pudupatti,Namakkal,இரா.புதுப்பட்டி
TOWN_PANCHAYAT,Seerapalli,Namakkal,சீராப்பள்ளி
TOWN_PANCHAYAT,Sendamangalam,Namakkal,சேந்தமங்கலம்
TOWN_PANCHAYAT,Velur,Namakkal,
TOWN_PANCHAYAT,Venkarai,Namakkal,வெங்கரை
TOWN_PANCHAYAT,Vennanthur,Namakkal,வெண்ணந்தூர்
TOWN_PANCHAYAT,Ammapettai,Erode,அம்மாப்பேட்டை
TOWN_PANCHAYAT,Anthiyur,Erode,அந்தியூர்
TOWN_PANCHAYAT,Appakudal,Erode,ஆப்பக்கூடல்
TOWN_PANCHAYAT,Ariyappampalayam,Erode,அரியப்பம்பாளையம்
TOWN_PANCHAYAT,Athani,Erode,அத்தாணி
TOWN_PANCHAYAT,Avalpoondurai,Erode,அவல்பூந்துறை
TOWN_PANCHAYAT,Bhavanisagar,Erode,பவானிசாகர்
TOWN_PANCHAYAT,Chennasamudram,Erode,சென்னசமுத்திரம்
TOWN_PANCHAYAT,Chennimalai,Erode,சென்னிமலை
TOWN_PANCHAYAT,Chithode,Erode,சித்தோடு
TOWN_PANCHAYAT,Elathur,Erode,எலத்தூர்
TOWN_PANCHAYAT,Jambai,Erode,ஜம்பை
TOWN_PANCHAYAT,Kanjikoil,Erode,காஞ்சிக்கோயில்
TOWN_PANCHAYAT,Karumandi Chellipalayam,Erode,கருமாண்டி செல்லிப்பாளையம்
TOWN_PANCHAYAT,Kasipalayam-Gobi,Erode,காசிப்பாளையம்
TOWN_PANCHAYAT,Kembainaickenpalayam,Erode,கேம்பைநாயக்கன்பாளையம்
TOWN_PANCHAYAT,Kilampadi,Erode,கீழம்பாடி
TOWN_PANCHAYAT,Kodumudi,Erode,கொடுமுடி
TOWN_PANCHAYAT,Kolappalur,Erode,கொளப்பலூர்
TOWN_PANCHAYAT,Kollankoil,Erode,கொல்லன்கோயில்
TOWN_PANCHAYAT,Kuhalur,Erode,கூகலூர்
TOWN_PANCHAYAT,Lakkampatti,Erode,லக்கம்பட்டி
TOWN_PANCHAYAT,Modakurichi,Erode,மொடக்குறிச்சி
TOWN_PANCHAYAT,Nallampatti,Erode,நல்லம்பட்டி
TOWN_PANCHAYAT,Nambiyur,Erode,நம்பியூர்
TOWN_PANCHAYAT,Nasiyanur,Erode,நசியனூர்
TOWN_PANCHAYAT,Nerunjipettai,Erode,நெருஞ்சிப்பேட்டை
TOWN_PANCHAYAT,Olagadam,Erode,ஒலகடம்
TOWN_PANCHAYAT,P. Mettupalayam,Erode,பி. மேட்டுப்பாளையம்
TOWN_PANCHAYAT,Pallapalayam,Erode,பள்ளபாளையம்
TOWN_PANCHAYAT,Pasur,Erode,பாசூர்
TOWN_PANCHAYAT,Periyakodiveri,Erode,பெரிய கொடிவேரி
TOWN_PANCHAYAT,Pethampalayam,Erode,பெத்தாம்பாளையம்
TOWN_PANCHAYAT,Sivagiri,Erode,சிவகிரி
TOWN_PANCHAYAT,Unjalur,Erode,ஊஞ்சலூர்
TOWN_PANCHAYAT,Vadugapatti,Erode,வடுகப்பட்டி
TOWN_PANCHAYAT,Vaniputhur,Erode,வாணிப்புத்தூர்
TOWN_PANCHAYAT,Vellottamparappu,Erode,வெள்ளோட்டம்பரப்பு
TOWN_PANCHAYAT,Vengampudur,Erode,
TOWN_PANCHAYAT,Chinnakkampalayam,Tiruppur,சின்னக்கம்பாளையம்
TOWN_PANCHAYAT,Dhali,Tiruppur,தளி
TOWN_PANCHAYAT,Kaniyur,Tiruppur,கணியூர்
TOWN_PANCHAYAT,Kannivadi,Tiruppur,கன்னிவாடி
TOWN_PANCHAYAT,Kolathupalayam,Tiruppur,குளத்துப்பாளையம்
TOWN_PANCHAYAT,Komaralingam,Tiruppur,கொமாரலிங்கம்
TOWN_PANCHAYAT,Kunnathur,Tiruppur,குன்னத்தூர்
TOWN_PANCHAYAT,Madathukulam,Tiruppur,மடத்துக்குளம்
TOWN_PANCHAYAT,Mulanur,Tiruppur,மூலனூர்
TOWN_PANCHAYAT,Muthur,Tiruppur,முத்தூர்
TOWN_PANCHAYAT,Rudravathi,Tiruppur,ருத்திராவதி
TOWN_PANCHAYAT,Samalapuram,Tiruppur,சாமலாபுரம்
TOWN_PANCHAYAT,Sankaramanallur,Tiruppur,சங்கரமநல்லூர்
TOWN_PANCHAYAT,Uthukuli,Tiruppur,ஊத்துக்குளி
TOWN_PANCHAYAT,Alandurai,Coimbatore,ஆலந்துறை
TOWN_PANCHAYAT,Anaimalai,Coimbatore,ஆனைமலை
TOWN_PANCHAYAT,Annur,Coimbatore,அன்னூர்
TOWN_PANCHAYAT,Chettipalayam,Coimbatore,செட்டிபாளையம்
TOWN_PANCHAYAT,Dhaliyur,Coimbatore,தளியூர்
TOWN_PANCHAYAT,Ettimadai,Coimbatore,எட்டிமடை
TOWN_PANCHAYAT,Idikarai,Coimbatore,இடிகரை
TOWN_PANCHAYAT,Irugur,Coimbatore,இருகூர்
TOWN_PANCHAYAT,Kannampalayam,Coimbatore,கண்ணம்பாளையம்
TOWN_PANCHAYAT,Kinathukadavu,Coimbatore,கிணத்துக்கடவு
TOWN_PANCHAYAT,Kottur-Malayandipattinam,Coimbatore,கோட்டூர்
TOWN_PANCHAYAT,Mopperipalayam,Coimbatore,மூப்பேரிபாளையம்
TOWN_PANCHAYAT,Narasimhanaickenpalayam,Coimbatore,நரசிம்மநாயக்கன்பாளையம்
TOWN_PANCHAYAT,Veerapandi,Coimbatore,வீரபாண்டி
TOWN_PANCHAYAT,Odaiyakulam,Coimbatore,உடையகுளம்
TOWN_PANCHAYAT,Othakalmandapam,Coimbatore,ஒத்தக்கல்மண்டபம்
TOWN_PANCHAYAT,Pallapalayam,Coimbatore,பள்ளபாளையம்
TOWN_PANCHAYAT,Periyanaickenpalayam,Coimbatore,பெரியநாயக்கன்பாளையம்
TOWN_PANCHAYAT,Periya Negamam,Coimbatore,பெரிய நெகமம்
TOWN_PANCHAYAT,Perur,Coimbatore,பேரூர்
TOWN_PANCHAYAT,Pooluvapatti,Coimbatore,பூலுவபட்டி
TOWN_PANCHAYAT,Samathur,Coimbatore,சமத்தூர்
TOWN_PANCHAYAT,Sarcarsamakulam,Coimbatore,சர்க்கார் சாமக்குளம்
TOWN_PANCHAYAT,Sirumugai,Coimbatore,சிறுமுகை
TOWN_PANCHAYAT,Suleeswaranpatti,Coimbatore,சூளீஸ்வரன்பட்டி
TOWN_PANCHAYAT,Thenkarai,Coimbatore,தென்கரை
TOWN_PANCHAYAT,Thirumalayampalayam,Coimbatore,திருமலையம்பாளையம்
TOWN_PANCHAYAT,Thondamuthur,Coimbatore,தொண்டாமுத்தூர்
TOWN_PANCHAYAT,Vedapatti,Coimbatore,வேடப்பட்டி
TOWN_PANCHAYAT,Vellalore,Coimbatore,வெள்ளலூர்
TOWN_PANCHAYAT,Vettaikaranpudur,Coimbatore,வேட்டைக்காரன்புதூர்
TOWN_PANCHAYAT,Zamin Uthukuli,Coimbatore,ஜமீன் ஊத்துக்குளி
TOWN_PANCHAYAT,Adikaratti,Nilgiris,அதிகரட்டி
TOWN_PANCHAYAT,Bikketti,Nilgiris,பிக்கெட்டி
TOWN_PANCHAYAT,Devarshola,Nilgiris,தேவர்சோலா
TOWN_PANCHAYAT,Huligal,Nilgiris,ஹுலிகல்
TOWN_PANCHAYAT,Jagathala,Nilgiris,ஜகத்தாலா
TOWN_PANCHAYAT,Ketti,Nilgiris,கேத்தி
TOWN_PANCHAYAT,Kilkunda,Nilgiris,கீழ்குந்தா
TOWN_PANCHAYAT,Naduvattam,Nilgiris,நடுவட்டம்
TOWN_PANCHAYAT,O' Valley,Nilgiris,ஓ.வேலி
TOWN_PANCHAYAT,Sholur,Nilgiris,சோளூர்
TOWN_PANCHAYAT,Annamalai Nagar,Cuddalore,அண்ணாமலை நகர்
TOWN_PANCHAYAT,Bhuvanagiri,Cuddalore,புவனகிரி
TOWN_PANCHAYAT,Gangaikondan,Cuddalore,கங்கைகொண்டான்
TOWN_PANCHAYAT,Kattumannarkoil,Cuddalore,காட்டுமன்னார்கோயில்
TOWN_PANCHAYAT,Killai,Cuddalore,கிள்ளை
TOWN_PANCHAYAT,Kurinjipadi,Cuddalore,குறிஞ்சிப்பாடி
TOWN_PANCHAYAT,Lalpet,Cuddalore,இலால்பேட்டை
TOWN_PANCHAYAT,Mangalampet,Cuddalore,மங்களம்பேட்டை
TOWN_PANCHAYAT,Melpattampakkam,Cuddalore,மேல்பட்டாம்பாக்கம்
TOWN_PANCHAYAT,Parangipettai,Cuddalore,பரங்கிப்பேட்டை
TOWN_PANCHAYAT,Pennadam,Cuddalore,பெண்ணாடம்
TOWN_PANCHAYAT,Sethiathoppu,Cuddalore,சேத்தியாத்தோப்பு
TOWN_PANCHAYAT,Srimushnam,Cuddalore,ஸ்ரீமுஷ்ணம்
TOWN_PANCHAYAT,Thorapadi,Cuddalore,தொரப்பாடி
TOWN_PANCHAYAT,Ananthapuram,Villupuram,ஆனந்தபுரம்
TOWN_PANCHAYAT,Arakandanallur,Villupuram,அரகண்டநல்லூர்
TOWN_PANCHAYAT,Gingee,Villupuram,செஞ்சி
TOWN_PANCHAYAT,Marakkanam,Villupuram,மரக்காணம்
TOWN_PANCHAYAT,Thiruvennainallur,Villupuram,திருவெண்ணெய்நல்லூர்
TOWN_PANCHAYAT,Valavanur,Villupuram,வளவனூர்
TOWN_PANCHAYAT,Vikravandi,Villupuram,விக்கிரவாண்டி
TOWN_PANCHAYAT,Chinnasalem,Kallakurichi,சின்ன சேலம்
TOWN_PANCHAYAT,Manalurpet,Kallakurichi,மணலூர்ப்பேட்டை
TOWN_PANCHAYAT,Sankarapuram,Kallakurichi,சங்கராபுரம்
TOWN_PANCHAYAT,Thiagadurgam,Kallakurichi,தியாகதுருகம்
TOWN_PANCHAYAT,Vadakkanandal,Kallakurichi,வடக்கனந்தல்
TOWN_PANCHAYAT,Maruthuvakudi,Thanjavur,
TOWN_PANCHAYAT,Ammapettai,Thanjavur,அம்மாப்பேட்டை
TOWN_PANCHAYAT,Ayyampettai,Thanjavur,அய்யம்பேட்டை
TOWN_PANCHAYAT,Madukkur,Thanjavur,மதுக்கூர்
TOWN_PANCHAYAT,Melathiruppanthuruthi,Thanjavur,மேலத்திருப்பந்துருத்தி
TOWN_PANCHAYAT,Melattur,Thanjavur,மெலட்டூர்
TOWN_PANCHAYAT,Orathanad,Thanjavur,ஒரத்தநாடு
TOWN_PANCHAYAT,Papanasam,Thanjavur,பாபநாசம்
TOWN_PANCHAYAT,Peravurani,Thanjavur,பேராவூரணி
TOWN_PANCHAYAT,Perumagalur,Thanjavur,பெருமகளுர்
TOWN_PANCHAYAT,Cholapuram,Thanjavur,சோழபுரம்
TOWN_PANCHAYAT,Swamimalai,Thanjavur,சுவாமிமலை
TOWN_PANCHAYAT,Thirubuvanam,Thanjavur,திருபுவனம்
TOWN_PANCHAYAT,Thirukattupalli,Thanjavur,திருக்காட்டுப்பள்ளி
TOWN_PANCHAYAT,Thirunageswaram,Thanjavur,திருநாகேஸ்வரம்
TOWN_PANCHAYAT,Thiruppanandal,Thanjavur,திருப்பனந்தாள்
TOWN_PANCHAYAT,Thiruvidaimarudur,Thanjavur,திருவிடைமருதூர்
TOWN_PANCHAYAT,Vallam,Thanjavur,வல்லம்
TOWN_PANCHAYAT,Veppathur,Thanjavur,வேப்பத்தூர்
TOWN_PANCHAYAT,Kuthalam,Mayiladuthurai,குத்தாலம்
TOWN_PANCHAYAT,Manalmedu,Mayiladuthurai,மணல்மேடு
TOWN_PANCHAYAT,Tharangambadi,Mayiladuthurai,தரங்கம்பாடி
TOWN_PANCHAYAT,Vaitheeswarankoil,Mayiladuthurai,வைத்தீசுவரன்கோவில்
TOWN_PANCHAYAT,Kilvelur,Nagapattinam,கீழ்வேளூர்
TOWN_PANCHAYAT,Thalainayar,Nagapattinam,தலைஞாயிறு
TOWN_PANCHAYAT,Thittacheri,Nagapattinam,திட்டச்சேரி
TOWN_PANCHAYAT,Velankanni,Nagapattinam,வேளாங்கண்ணி
TOWN_PANCHAYAT,Kudavasal,Tiruvarur,குடவாசல்
TOWN_PANCHAYAT,Koradacheri,Tiruvarur,கொரடாச்சேரி
TOWN_PANCHAYAT,Muthupet,Tiruvarur,முத்துப்பேட்டை
TOWN_PANCHAYAT,Nannilam,Tiruvarur,நன்னிலம்
TOWN_PANCHAYAT,Needamangalam,Tiruvarur,நீடாமங்கலம்
TOWN_PANCHAYAT,Peralam,Tiruvarur,பேரளம்
TOWN_PANCHAYAT,Valangaiman,Tiruvarur,வலங்கைமான்
TOWN_PANCHAYAT,Balakrishnampatti,Tiruchirappalli,பாலகிருஷ்ணம்பட்டி
TOWN_PANCHAYAT,Kallakudi,Tiruchirappalli,கல்லக்குடி
TOWN_PANCHAYAT,Kattuputhur,Tiruchirappalli,காட்டுப்புத்தூர்
TOWN_PANCHAYAT,Koothappar,Tiruchirappalli,கூத்தப்பர்
TOWN_PANCHAYAT,Manachanallur,Tiruchirappalli,மண்ணச்சநல்லூர்
TOWN_PANCHAYAT,Mettupalayam,Tiruchirappalli,மேட்டுப்பாளையம்
TOWN_PANCHAYAT,Ponnampatti,Tiruchirappalli,பொன்னாம்பட்டி
TOWN_PANCHAYAT,Poovalur,Tiruchirappalli,பூவாளுர்
TOWN_PANCHAYAT,Pullambadi,Tiruchirappalli,புள்ளம்பாடி
TOWN_PANCHAYAT,South Kannanur,Tiruchirappalli,தெற்கு கண்ணனூர்
TOWN_PANCHAYAT,Sirugamani,Tiruchirappalli,சிறுகமணி
TOWN_PANCHAYAT,Thathaiyangarpet,Tiruchirappalli,தாத்தையங்கார்ப் பேட்டை
TOWN_PANCHAYAT,Thottiyam,Tiruchirappalli,தொட்டியம்
TOWN_PANCHAYAT,Uppiliapuram,Tiruchirappalli,உப்பிலியாபுரம்
TOWN_PANCHAYAT,Arumbavur,Perambalur,அரும்பாவூர்
TOWN_PANCHAYAT,Kurumbalur,Perambalur,குறும்பாளூர்
TOWN_PANCHAYAT,Labbaikudikadu,Perambalur,இலப்பைகுடிக்காடு
TOWN_PANCHAYAT,Poolambadi,Perambalur,பூலாம்பாடி
TOWN_PANCHAYAT,Udayarpalayam,Ariyalur,உடையார்பாளையம்
TOWN_PANCHAYAT,Varadarajanpettai,Ariyalur,வரதராஜன்பேட்டை
TOWN_PANCHAYAT,Alangudi,Pudukkottai,ஆலங்குடி
TOWN_PANCHAYAT,Annavasal,Pudukkottai,அன்னவாசல்
TOWN_PANCHAYAT,Arimalam,Pudukkottai,அரிமளம்
TOWN_PANCHAYAT,Iluppur,Pudukkottai,இலுப்பூர்
TOWN_PANCHAYAT,Karambakkudi,Pudukkottai,கரம்பக்குடி
TOWN_PANCHAYAT,Keeramangalam,Pudukkottai,கீரமங்கலம்
TOWN_PANCHAYAT,Keeranur,Pudukkottai,கீரனூர்
TOWN_PANCHAYAT,Viralimalai,Pudukkottai,விராலி மலை
TOWN_PANCHAYAT,Thirumayam,Pudukkottai,திருமயம்
TOWN_PANCHAYAT,Gandarvakottai,Pudukkottai,கந்தர்வக்கோட்டை
TOWN_PANCHAYAT,Agaram,Dindigul,அகரம்
TOWN_PANCHAYAT,Ammainaickanur,Dindigul,அம்மைநாயக்கனூர்
TOWN_PANCHAYAT,Ayakudi,Dindigul,ஆயக்குடி
TOWN_PANCHAYAT,Ayyalur,Dindigul,அய்யலூர்
TOWN_PANCHAYAT,Ayyampalayam,Dindigul,அய்யம்பாளையம்
TOWN_PANCHAYAT,Balasamudram,Dindigul,பாலசமுத்திரம்
TOWN_PANCHAYAT,Chinnalapatti,Dindigul,சின்னாளப்பட்டி
TOWN_PANCHAYAT,Eriyodu,Dindigul,எரியோடு
TOWN_PANCHAYAT,Kannivadi,Dindigul,கன்னிவாடி
TOWN_PANCHAYAT,Keeranur,Dindigul,கீரனூர்
TOWN_PANCHAYAT,Natham,Dindigul,நத்தம்
TOWN_PANCHAYAT,Neikkarapatti,Dindigul,நெய்க்காரப்பட்டி
TOWN_PANCHAYAT,Nilakkottai,Dindigul,நிலக்கோட்டை
TOWN_PANCHAYAT,Palayam,Dindigul,பாளையம்
TOWN_PANCHAYAT,Pannaikadu,Dindigul,பண்ணைக்காடு
TOWN_PANCHAYAT,Pattiveeranpatti,Dindigul,பட்டிவீரன்பட்டி
TOWN_PANCHAYAT,Sevugampatti,Dindigul,சேவுகம்பட்டி
TOWN_PANCHAYAT,Sithayankottai,Dindigul,சித்தையன்கோட்டை
TOWN_PANCHAYAT,Sriramapuram,Dindigul,ஸ்ரீராமபுரம்
TOWN_PANCHAYAT,Thadikombu,Dindigul,தாடிக்கொம்பு
TOWN_PANCHAYAT,Vadamadurai,Dindigul,வடமதுரை
TOWN_PANCHAYAT,Batlagundu,Dindigul,வத்தலக்குண்டு
TOWN_PANCHAYAT,Vedasandur,Dindigul,வேடசந்தூர்
TOWN_PANCHAYAT,Aravakurichi,Karur,அரவக்குறிச்சி
TOWN_PANCHAYAT,Krishnarayapuram,Karur,கிருஷ்ணராயபுரம்
TOWN_PANCHAYAT,Marudur,Karur,மருதூர்
TOWN_PANCHAYAT,Nangavaram,Karur,நங்கவரம்
TOWN_PANCHAYAT,P. J. Cholapuram,Karur,பி. ஜே. சோழபுரம்
TOWN_PANCHAYAT,Puliyur Karur,Karur,புலியூர்
TOWN_PANCHAYAT,Punjai Thottakurichi,Karur,புஞ்சை தோட்டகுறிச்சி
TOWN_PANCHAYAT,Uppidamangalam,Karur,உப்பிடமங்கலம்
TOWN_PANCHAYAT,Vellalapatti,Madurai,வெள்ளாளப்பட்டி
TOWN_PANCHAYAT,Alanganallur,Madurai,அலங்காநல்லூர்
TOWN_PANCHAYAT,Elumalai,Madurai,எழுமலை
TOWN_PANCHAYAT,Palamedu,Madurai,பாலமேடு
TOWN_PANCHAYAT,Peraiyur,Madurai,பேரையூர்
TOWN_PANCHAYAT,Sholavandan,Madurai,சோழவந்தான்
TOWN_PANCHAYAT,T. Kallupatti,Madurai,தே. கல்லுப்பட்டி
TOWN_PANCHAYAT,Vadipatti,Madurai,வாடிப்பட்டி
TOWN_PANCHAYAT,Chettiarpatti,Virudhunagar,செட்டியார்பட்டி
TOWN_PANCHAYAT,Kariapatti,Virudhunagar,காரியாப்பட்டி
TOWN_PANCHAYAT,Mallankinaru,Virudhunagar,மல்லன்கிணறு
TOWN_PANCHAYAT,Mamsapuram,Virudhunagar,மம்சாபுரம்
TOWN_PANCHAYAT,South Kodikulam,Virudhunagar,தென் கோடிக்குளம்
TOWN_PANCHAYAT,Seithur,Virudhunagar,சேத்தூர்
TOWN_PANCHAYAT,Sundarapandiam,Virudhunagar,சுந்தரபாண்டியம்
TOWN_PANCHAYAT,W. Pudupatti,Virudhunagar,வ.புதுப்பட்டி
TOWN_PANCHAYAT,Watrap,Virudhunagar,வத்திராயிருப்பு
TOWN_PANCHAYAT,Andipatti,Theni,ஆண்டிப்பட்டி
TOWN_PANCHAYAT,B. Meenakshipuram,Theni,போ. மீனாட்சிபுரம்
TOWN_PANCHAYAT,Boothipuram,Theni,பூதிப்புரம்
TOWN_PANCHAYAT,Devadanapatti,Theni,தேவதானப்பட்டி
TOWN_PANCHAYAT,Ganguvarpatti,Theni,கெங்குவார்பட்டி
TOWN_PANCHAYAT,Hanumanthampatti,Theni,அனுமந்தன்பட்டி
TOWN_PANCHAYAT,Highwavys,Theni,ஹைவேவிஸ்
TOWN_PANCHAYAT,Kamayagoundanpatti,Theni,காமயக்கவுண்டன்பட்டி
TOWN_PANCHAYAT,Kombai,Theni,கோம்பை
TOWN_PANCHAYAT,Kuchanur,Theni,குச்சனூர்
TOWN_PANCHAYAT,Markayankottai,Theni,மார்க்கையன்கோட்டை
TOWN_PANCHAYAT,Melachokkanathapuram,Theni,மேலச்சொக்கநாதபுரம்
TOWN_PANCHAYAT,Odaipatti,Theni,ஓடைப்பட்டி
TOWN_PANCHAYAT,Palani Chettipatti,Theni,பழனிசெட்டிபட்டி
TOWN_PANCHAYAT,Pannaipuram,Theni,பண்ணைப்புரம்
TOWN_PANCHAYAT,C. Pudupatti,Theni,சி. புதுப்பட்டி
TOWN_PANCHAYAT,Thamaraikulam,Theni,தாமரைக்குளம்
TOWN_PANCHAYAT,Thenkarai,Theni,தென்கரை
TOWN_PANCHAYAT,Thevaram,Theni,தேவாரம்
TOWN_PANCHAYAT,Vadugapatti,Theni,வடுகப்பட்டி
TOWN_PANCHAYAT,Veerapandi,Theni,வீரபாண்டி
TOWN_PANCHAYAT,Ilaiyangudi,Sivagangai,இளையான்குடி
TOWN_PANCHAYAT,Kanadukathan,Sivagangai,கானாடுகாத்தான்
TOWN_PANCHAYAT,Kandanur,Sivagangai,கண்டனூர்
TOWN_PANCHAYAT,Kottaiyur,Sivagangai,கோட்டையூர்
TOWN_PANCHAYAT,Nattarasankottai,Sivagangai,நாட்டரசன்கோட்டை
TOWN_PANCHAYAT,Kalaiyarkovil,Sivagangai,காளையார்கோவில்
TOWN_PANCHAYAT,Nerkuppai,Sivagangai,நெற்குப்பை
TOWN_PANCHAYAT,Pallathur,Sivagangai,பள்ளத்தூர்
TOWN_PANCHAYAT,Puduvayal,Sivagangai,புதுவயல்
TOWN_PANCHAYAT,Singampunari,Sivagangai,சிங்கம்புணரி
TOWN_PANCHAYAT,Thirupuvanam,Sivagangai,திருப்புவனம்
TOWN_PANCHAYAT,Tiruppattur,Sivagangai,திருப்பத்தூர்
TOWN_PANCHAYAT,Abiramam,Ramanathapuram,அபிராமம்
TOWN_PANCHAYAT,Kamuthi,Ramanathapuram,கமுதி
TOWN_PANCHAYAT,Mandapam,Ramanathapuram,மண்டபம்
TOWN_PANCHAYAT,Mudukulathur,Ramanathapuram,முதுகுளத்தூர்
TOWN_PANCHAYAT,R. S. Mangalam,Ramanathapuram,இராஜசிங்கமங்கலம்
TOWN_PANCHAYAT,Sayalgudi,Ramanathapuram,சாயல்குடி
TOWN_PANCHAYAT,Thondi,Ramanathapuram,தொண்டி
TOWN_PANCHAYAT,Devipattinam,Ramanathapuram,தேவிபட்டினம்
TOWN_PANCHAYAT,Ervadi,Ramanathapuram,ஏர்வாடி
TOWN_PANCHAYAT,Cheranmadevi,Tirunelveli,சேரன்மகாதேவி
TOWN_PANCHAYAT,Eruvadi,Tirunelveli,ஏர்வாடி
TOWN_PANCHAYAT,Gopalasamudram,Tirunelveli,கோபாலசமுத்திரம்
TOWN_PANCHAYAT,Kallidaikurichi,Tirunelveli,கல்லிடைக்குறிச்சி
TOWN_PANCHAYAT,Manimutharu,Tirunelveli,மணிமுத்தாறு
TOWN_PANCHAYAT,Melacheval,Tirunelveli,மேலச்சேவல்
TOWN_PANCHAYAT,Moolakaraipatti,Tirunelveli,மூலக்கரைப்பட்டி
TOWN_PANCHAYAT,Mukkudal,Tirunelveli,முக்கூடல்
TOWN_PANCHAYAT,Nanguneri,Tirunelveli,நாங்குநேரி
TOWN_PANCHAYAT,Naranammalpuram,Tirunelveli,நாரணம்மாள்புரம்
TOWN_PANCHAYAT,Panagudi,Tirunelveli,பணகுடி
TOWN_PANCHAYAT,Pattamadai,Tirunelveli,பத்தமடை
TOWN_PANCHAYAT,Sankarnagar,Tirunelveli,சங்கர் நகர்
TOWN_PANCHAYAT,Thirukkurungudi,Tirunelveli,திருக்குறுங்குடி
TOWN_PANCHAYAT,Thisayanvilai,Tirunelveli,திசையன்விளை
TOWN_PANCHAYAT,Veeravanallur,Tirunelveli,வீரவநல்லூர்
TOWN_PANCHAYAT,Achampudur,Tenkasi,அச்சம்புதூர்
TOWN_PANCHAYAT,Alangulam,Tenkasi,ஆலங்குளம்
TOWN_PANCHAYAT,Alwarkurichi,Tenkasi,ஆழ்வார்குறிச்சி
TOWN_PANCHAYAT,Aygudi,Tenkasi,
TOWN_PANCHAYAT,Courtallam,Tenkasi,குற்றாலம்
TOWN_PANCHAYAT,Ilanji,Tenkasi,இலஞ்சி
TOWN_PANCHAYAT,Keezhapavur,Tenkasi,கீழப்பாவூர்
TOWN_PANCHAYAT,Melagaram,Tenkasi,மேலகரம்
TOWN_PANCHAYAT,Panpoli,Tenkasi,பண்பொழி
TOWN_PANCHAYAT,Pudur,Tenkasi,புதூர்
TOWN_PANCHAYAT,Rayagiri,Tenkasi,இராயகிரி
TOWN_PANCHAYAT,Sambavarvadakarai,Tenkasi,சாம்பவர் வடகரை
TOWN_PANCHAYAT,Sivagiri,Tenkasi,சிவகிரி
TOWN_PANCHAYAT,Sundarapandiapuram,Tenkasi,சுந்தரபாண்டியபுரம்
TOWN_PANCHAYAT,Thiruvenkadam,Tenkasi,திருவேங்கடம்
TOWN_PANCHAYAT,Vadakarai Keezhpadugai,Tenkasi,வடகரை கீழ்படுகை
TOWN_PANCHAYAT,Vasudevanallur,Tenkasi,வாசுதேவநல்லூர்
TOWN_PANCHAYAT,Alwarthirunagiri,Thoothukkudi,ஆழ்வார்திருநகரி
TOWN_PANCHAYAT,Arumuganeri,Thoothukkudi,ஆறுமுகநேரி
TOWN_PANCHAYAT,Athur,Thoothukkudi,ஆத்தூர்
TOWN_PANCHAYAT,Eral,Thoothukkudi,ஏரல்
TOWN_PANCHAYAT,Ettayapuram,Thoothukkudi,எட்டயபுரம்
TOWN_PANCHAYAT,Kadambur,Thoothukkudi,கடம்பூர்
TOWN_PANCHAYAT,Kalugumalai,Thoothukkudi,கழுகுமலை
TOWN_PANCHAYAT,Kanam Tamil Nadu,Thoothukkudi,கானம்
TOWN_PANCHAYAT,Kayatharu,Thoothukkudi,கயத்தார்
TOWN_PANCHAYAT,Nazareth,Thoothukkudi,நாசரேத்து
TOWN_PANCHAYAT,Perungulam,Thoothukkudi,பெருங்குளம்
TOWN_PANCHAYAT,V. Pudur,Thoothukkudi,புதூர்
TOWN_PANCHAYAT,Sathankulam,Thoothukkudi,சாத்தான்குளம்
TOWN_PANCHAYAT,Sawyerpuram,Thoothukkudi,சாயர்புரம்
TOWN_PANCHAYAT,Tiruvaikuntam,Thoothukkudi,திருவைகுண்டம்
TOWN_PANCHAYAT,Thenthiruperai,Thoothukkudi,தென்திருப்பேரை
TOWN_PANCHAYAT,Udangudi,Thoothukkudi,உடன்குடி
TOWN_PANCHAYAT,Vilathikulam,Thoothukkudi,விளாத்திகுளம்
TOWN_PANCHAYAT,Agastheeswaram,Kanniyakumari,அகத்தீஸ்வரம்
TOWN_PANCHAYAT,Anjugramam,Kanniyakumari,அஞ்சுகிராமம்
TOWN_PANCHAYAT,Aralvaimozhi,Kanniyakumari,ஆரல்வாய்மொழி
TOWN_PANCHAYAT,Arumanai,Kanniyakumari,அருமனை
TOWN_PANCHAYAT,Attoor,Kanniyakumari,ஆற்றூர்
TOWN_PANCHAYAT,Azhagappapuram,Kanniyakumari,அழகப்பபுரம்
TOWN_PANCHAYAT,Azhagiapandiapuram,Kanniyakumari,அழகியபாண்டியபுரம்
TOWN_PANCHAYAT,Boothapandi,Kanniyakumari,பூதப்பாண்டி
TOWN_PANCHAYAT,Edaikodu,Kanniyakumari,இடைக்கோடு
TOWN_PANCHAYAT,Eraniel,Kanniyakumari,இரணியல்
TOWN_PANCHAYAT,Ganapathipuram,Kanniyakumari,கணபதிபுரம்
TOWN_PANCHAYAT,Kadayal,Kanniyakumari,கடையால்
TOWN_PANCHAYAT,Kaliyakkavilai,Kanniyakumari,களியக்காவிளை
TOWN_PANCHAYAT,Kallukuttam,Kanniyakumari,கல்லுக்கூட்டம்
TOWN_PANCHAYAT,Kappiyarai,Kanniyakumari,கப்பியறை
TOWN_PANCHAYAT,Karungal,Kanniyakumari,கருங்கல்
TOWN_PANCHAYAT,Kilkulam,Kanniyakumari,கீழ்க்குளம்
TOWN_PANCHAYAT,Killiyur,Kanniyakumari,கிள்ளியூர்
TOWN_PANCHAYAT,Kothinallur,Kanniyakumari,
TOWN_PANCHAYAT,Kottaram,Kanniyakumari,கொட்டாரம்
TOWN_PANCHAYAT,Kulasekaram,Kanniyakumari,குலசேகரம்
TOWN_PANCHAYAT,Kumarapuram,Kanniyakumari,குமாரபுரம்
TOWN_PANCHAYAT,Manavalakurichi,Kanniyakumari,மணவாளக்குறிச்சி
TOWN_PANCHAYAT,Mandaikadu,Kanniyakumari,மண்டைக்காடு
TOWN_PANCHAYAT,Marungoor,Kanniyakumari,மருங்கூர்
TOWN_PANCHAYAT,Mulagumudu,Kanniyakumari,முளகுமூடு
TOWN_PANCHAYAT,Myladi,Kanniyakumari,மைலாடி
TOWN_PANCHAYAT,Nallur,Kanniyakumari,நல்லூர்
TOWN_PANCHAYAT,Neiyyur,Kanniyakumari,
TOWN_PANCHAYAT,Pacode,Kanniyakumari,பாக்கோடு
TOWN_PANCHAYAT,Palapallam,Kanniyakumari,பாலபள்ளம்
TOWN_PANCHAYAT,Pazhugal,Kanniyakumari,பழுகல்
TOWN_PANCHAYAT,Ponmanai,Kanniyakumari,பொன்மணி
TOWN_PANCHAYAT,Puthalam,Kanniyakumari,புத்தளம்
TOWN_PANCHAYAT,Pudukadai,Kanniyakumari,புதுக்கடை
TOWN_PANCHAYAT,Reethapuram,Kanniyakumari,ரீத்தாபுரம்
TOWN_PANCHAYAT,Suchindram,Kanniyakumari,சுசீந்திரம்
TOWN_PANCHAYAT,Thalakudi,Kanniyakumari,தாழக்குடி
TOWN_PANCHAYAT,Thenthamaraikulam,Kanniyakumari,தென்தாமரைக்குளம்
TOWN_PANCHAYAT,Theroor,Kanniyakumari,தேரூர்
TOWN_PANCHAYAT,Thingalnagar,Kanniyakumari,திங்கள்நகர்
TOWN_PANCHAYAT,Thirparappu,Kanniyakumari,திற்பரப்பு
TOWN_PANCHAYAT,Thiruvattar,Kanniyakumari,திருவட்டாறு
TOWN_PANCHAYAT,Thiruvithamcode,Kanniyakumari,திருவிதாங்கோடு
TOWN_PANCHAYAT,Unnamalaikadai,Kanniyakumari,உண்ணாமலைக்கடை
TOWN_PANCHAYAT,Valvaithankoshtam,Kanniyakumari,வாள்வைத்தான்கோட்டம்
TOWN_PANCHAYAT,Vellimalai,Kanniyakumari,வெள்ளிமலை
TOWN_PANCHAYAT,Verkilambi,Kanniyakumari,வேர்க்கிளம்பி
TOWN_PANCHAYAT,Vilavur,Kanniyakumari,விளவூர்
TOWN_PANCHAYAT,Villukuri,Kanniyakumari,வில்லுக்குறி
